,name,location
1,kirtland_pta,"Kirtland, OH"
2,mystormee,USA
3,_froggie_,Canada
4,katwarner3,"Pennsylvania, USA"
5,OfficalFMG,
6,jamesesmithjr34,"Denver, CO"
7,MostafaAbo_Bakr,"Giza, Egypt"
8,moekaye1,on the road
9,hollydwood,Kentucky
10,luvmytradley,on hiatus with one direction
11,amomlessmom,Canada
12,bluv502,"Louisville, KY"
13,Lj_Sichko,"Ashtabula, OH"
14,lzminway44,USA
15,KKrowe9,
16,nikosb2328,
17,Nick28T,Canada
18,goldenwavves,"California, USA"
19,chypearppe,"Thailand, Asiaüáπüá≠"
20,disappearbrad,"pat, ishita, theo, ana"
21,DosterJohn,Tennessee boy in KY
22,ALTvols08,Home Sweet Tennessee
23,reynaldor36,"Holden, MA"
24,kiaraa_monett,Louisiana
25,bradisaws,England United Kingdom
26,GemyGem_x,Platform 9¬æ & London
27,DampierJalen,"Knoxville, TN"
28,Caliangel55,"Ohio, USA"
29,kaycasey,"Charleston, SC"
30,QueerGabo,Neverland
31,MTSManagement,"Pittsburgh, PA"
32,Cece82952571,
33,MikesOnline,Nashville
34,MarisolArroyo28,"San Jos√©, Costa Rica"
35,blueberrybws,so…Ø«ù ç…•«ù…π«ù o å«ù…π  á…•«ù …π…êƒ±nbo ç
36,DaBruteRules,"Charlotte, NC"
37,uihealthcare,"Iowa City, Iowa"
38,ameftowriter,
39,MarvinRashad_,"Chicago, IL"
40,StephanieisLive,Cleveland! 
41,JumpAlyssa,Oologah Oklahoma 
42,makeupbycess,"California, USA"
43,MileHighJay,The City of Seven Hills
44,bednarsh_helene,
45,Chris_Ray11,"Nolensville,TN"
46,deoanz,BW ü§òüèª
47,maraug8288,United States
48,jacobownby44,
49,123CLeigh,The Spare Oom
50,EverydayHealth,United States
51,Darke_Conteur,"Kingston, Canada"
52,a35362,"DeKalb, IL"
53,Liddy_jean13,"St Louis, MO"
54,roughtradeX,United States
55,thordora,"New Brunswick, Canada"
56,cashmoneychlo_,"Nashville, TN"
57,patricknathan,"Minneapolis, MN"
58,DawnNeufeld,Texas
59,jo_penberthy,
60,hellokerryrose,"Worcester, MA"
61,BigOrangePruitt,Tennessee
62,wesrucker247,"Knoxville, Tennessee"
63,Nenigirlontheb1,"Virginia Beach, VA"
64,high5assfuck,"Halifax, Nova Scotia"
65,LOUSCKZ,poland
66,B0WENarrow,"Baltimore, MD"
67,TopTrending18,United States
68,boumerie,"Montreal, Canada"
69,DrNancyHansen,"Winnipeg, Manitoba"
70,emilyle62341062,With the vampsüåé
71,PeterBerry1075,
72,robbos495,
73,dinnykayo,"Victoria, Australia"
74,jasminegrosse,"Texas, USA"
75,newkarmaclubxgs,Australia
76,iloveyousobradx,i met The Vamps üáµüá≠ : 10/6/17
77,Hephaestus7,Canada
78,amy_sitwala,"Chicago, IL"
79,omega3825,"Florida, USA"
80,sarnihkm,
81,laphicets,canada
82,fakeArian,Northern VA/Washington DC
83,_Caprifoglio,
84,gwiss,United States
85,dheayuliani97,Ïù∏ÎèÑÎÑ§ÏãúÏïÑ
86,WeCanDance_Con,"England, United Kingdom"
87,Giovafazzolari,
88,Bridget209Trump,United States
89,RescueReality1,
90,ChelseaCrys,Barbados
91,TheOneTAR,"Twitter, Internet"
92,gwynncompton,Paraparaumu Beach
93,LeafyLanes_,"Charlotte, NC"
94,gingers715,"South Lebanon, OH"
95,hiparnold,Fort Lauderdale Florida
96,bradleyjamess,"Cincinnati, OH"
97,alayna_kam,"Cleveland, OH"
98,45Disclaimers,"Washington, USA"
99,RealHeatherK,"Loganville, GA"
100,q3serenity,Montreal / Ottawa
101,uihealthcare,"Iowa City, Iowa"
102,ViraBurnayeva,"NoVA, USA"
103,veriflu,"Mountain View, CA"
104,domsam,Halifax
105,pradeu,"Bordeaux, Aquitaine, France"
106,shornicl,Saint Louis University
107,germfreeindia,"Mumbai, India"
108,mommyincolor89,"Queens, NY"
109,MomAndNewborn,United States
110,EloaDoner,
111,AromaticSusie,"St Francis, WI"
112,verdepharmacy,"Mesquite, TX"
113,grahamcochran,"Columbus, Ohio"
114,flowcare_,"Omaha, NE"
115,bpoeb,"Birmingham, Alabama"
116,SleepyistMike,"Scottsdale, AZ"
117,apeykins,"Halifax, NS"
118,sickweather,United States
119,Renovation_Tea,"De Queen, AR"
120,slimchick1900,Trinidad
121,gallus_pallas,In the coop
122,_DCHealth,District of Columbia
123,SachaVoski,Prime Creator's house
124,NoJusticeHug,United States
125,EugeneBu,"Wrightwood, CA"
126,ColumbiaMSPH,"New York, New York"
127,CMRBenefitsGrp,"Crystal Lake, IL"
128,St_Louis_home,United States
129,MOH_TT,Trinidad and Tobago
130,reMirth,
131,BoironUSA,"Newtown Square, Pa."
132,therealbiostate,
133,BatterburyRoger,
134,RaisingSerenity,"Ohio, USA"
135,URAC,"Washington, DC"
136,theruralists,
137,WomensHealthCT,"Avon, CT"
138,Brooks_Vicki,Texas
139,KenHolt13,"California, USA"
140,roblwilson,Scotland
141,brewsandbats,United States
142,drdeeda,"Columbus, OH"
143,libertylives277,"California, USA"
144,Sarah_Q_Smithy,
145,Ryan_Mac_Phd,"Chapel Hill, NC"
146,Actsoft,"Tampa, FL"
147,medflygenes,"Columbus, OH, USA"
148,OSUVetCollege,"Columbus, OH"
149,svagdis,
150,neesehome,
151,NFIDvaccines,"Bethesda, MD"
152,Johnny_Slade,
153,thinkfree55,Deutschland
154,Celinuchis90,
155,NHSaaa,Ayrshire
156,fairfaxhealth,"Fairfax County, Virginia"
157,ice_Akito,Quebec
158,Bobbythephoneg1,"Naples, FL"
159,dormousegirl,
160,drfixus,United States
161,RealtyNetworkG,"Clarks Summit, PA"
162,ThatSusanMurray,all over the gaff
163,SolentNHSTrust,Hampshire
164,mitdoc,"Roanoke, VA"
165,Luminaria98,Long Island
166,EvaBS14,
167,xi_ahmed,Riyadh
168,sbdrysdale,"London, England"
169,OrganicLiveFood,US
170,PollyPolti,~ Europeanunionüá™üá∫üíú
171,wallace_views,Scotland 
172,mmagana,
173,StewballWCNR,"Charlottesville, VA"
174,DariusRadzius,"New York, New York"
175,putonahat,
176,DocpalFrancesc2,"S√£o Paulo, Brasil"
177,dr_hani_s,ÿ¨ÿØŸá
178,sd_mherrera,"San Diego, CA"
179,KaiMoore,"USA, Somewhere Outside"
180,lansberry_alli,"Baltimore, MD USA"
181,swakop2,"Byron, IL"
182,bytekast,"Boulder, CO"
183,class_clown36,"Puerto Rico, USA"
184,Just4TheCause,USA
185,luckykelsey,
186,eTweeetz,United States
187,jfboers,"Atlanta, Georgia, USA"
188,JSABuilder,"Agoura Hills, CA"
189,siriiusley,
190,bbnhins,"Merrimack, NH"
191,ImmunizePA,Pennsylvania
192,AmbrayVO,United States
193,GuzmanQCarlos,
194,OzlemEquilsMD,Los Angeles
195,News12LI,"Long Island, NY"
196,IF_campaign,
197,RulerOftheLAND,USA
198,boyinthebarrel,
199,JulieMarieWolf,"New York, NY"
200,MackayIM,"Brisbane, Australia"
201,jamie_swift19,"Jonesborough, TN"
202,ascelbio,New York
203,KNRXRX,Malaysia È©¨Êù•Ë•ø‰∫ö
204,kwarren17,
205,bjpatterson61,
206,tombarr26816936,
207,megdoyle,"Trent Woods, NC"
208,wontan1,
209,jkagan1,Boston
210,ALSIE15,Australia
211,GlendaMcRose,New York
212,ElementCare,"Massachusetts, USA"
213,myDocUrgentCare,"Philadelphia, PA"
214,irbertvega,"Sitka, AK"
215,Granny_girl1968,
216,itsjusmeKarleen,"New Jersey, USA"
217,Stunner67, Ohio
218,ktlesser,"Florida, USA"
219,Patrici41859934,
220,PatriciaFacquet,"Hauppauge, New York, USA"
221,canoester,
222,CIDRAP,"Minneapolis, MN"
223,DrJohnTorres,NYC
224,NMNJorg,NMN
225,famfightflu,"Arlington, VA"
226,MountSinaiNYC,"New York, NY"
227,janitor_mag,"Milwaukee, WI"
228,iowahospital,"Des Moines, Iowa"
229,TaraZarry,
230,CDCFlu,"Atlanta, GA"
231,Lo_Zanzi,"Boston, MA"
232,richardkanowitz,NYC
233,ScottEntrekin,"Hemet, CA"
234,_AndrewSchmidt,"Atlanta, GA"
235,3Dmedicine, Canada 
236,CPHO_Canada,Canada
237,kartwonz,"Jackson, MI"
238,kuriousmind93,United States
239,RIHEALTH,Rhode Island
240,OscilloUSA,"Newtown Square, Pa."
241,FranklinHealth,"Farmington, Maine"
242,nanisbabies2000,USA
243,AVACNow,
244,namibycandy,"Philadelphia, PA"
245,theReal_Rebel,
246,HollidaysStache,Purgatory
247,eggersdailynews,"Bowling Green, KY"
248,DamonGrovesReal,"San Jose, CA"
249,SeriousIda,"Boston, MA"
250,PenceDr,"Toronto, Ontario"
251,chrisyanke,"Lake Balboa, Los Angeles"
252,KhronosCryptos,"Portland, OR"
253,LTHN_Bridget,"Las Vegas, NV"
254,jimmysfla,"Palm Beach County, FL"
255,tkradio,America
256,vip1850,Hai'l
257,DinahQChon,"New York, USA"
258,DrNancyM_CDC,"Atlanta, GA"
259,CubeShield,USA
260,andrewmorrisuk,Bedford
261,Mariesea7,
262,PIDSociety,"Arlington, VA"
263,LSedger,Sydney Australia
264,MeesterGibbs,
265,AsiaRonn,
266,tedsensei,"New Canaan, CT"
267,IndianRiverOJ,
268,Goodtwitchsouth,
269,buddepiept,Bonn/Germany
270,TelemedLeaders,"Washington, DC"
271,HelenBranswell,"Boston, MA"
272,WeatherBug,"New York, NY"
273,HHSRegion7,"Kansas City, Missouri"
274,JudgeFarris,"Juliet, Illinois"
275,RawlsMD,"Wilmington, NC"
276,Andrea_mnhealth,"St Paul, MN"
277,CDCDirector,"Atlanta, GA"
278,kariusdx,"California, USA"
279,sambucolusa,USA
280,mybedissocozy,texas
281,Vaxyourfam,United States
282,SciencePharmer,"Petawawa, Ontario"
283,margotjd,WNY
284,DaddyFiles,Massachusetts
285,somedocs,
286,WV_DHHR,"Charleston, WV"
287,mslinnie325,"Key Biscayne, FL"
288,DrCorriel,"Pearl River, NY"
289,211arizona,Arizona
290,MedicalLetter,"New Rochelle, NY"
291,HalBrock,"Oklahoma City, OK"
292,UHhospitals,"Cleveland, Ohio"
293,BeeLineSupport1,"Chicago, IL"
294,ICBDSR,
295,jasonsmithmd,"Beaver Dam, WI"
296,PowerYourLife2,
297,mtmoore90,
298,vylhphilippines,Republic of the Philippines
299,CDC_NCBDDD,"Atlanta, GA"
300,DCHHS,"Dallas, TX"
301,izarante,"Bogot√°, Colombia"
302,ifsbh,"Brussels, Belgium"
303,TeratologySoc,
304,NBDPN,"Houston, TX"
305,YettereYT,"New York, USA"
306,investedtrial,
307,InfectDisNews,"Thorofare, NJ"
308,JMUHealthCenter,"Harrisonburg, VA"
309,gerardgallagher,"MEDIA, Pa."
310,AmandaHunterMPH,"Louisville, KY"
311,HamiltonCHN,"Michigan, USA"
312,Septembers_Song,Coastal Georgia 
313,medpagetoday,"New York, NY"
314,Aging_Research,"Washington, DC"
315,DrBerryPierre,winner's circle
316,pophealthNYC,"New York, NY"
317,SITNBoston,"Boston, MA"
318,eAdhere1,"Cleveland, OH"
319,joe_rilla,North Carolina
320,dr_mullarkey,"Hamilton, Ontario"
321,ImmunizeFlorida,"Florida, USA"
322,MedPedsAllergy,"West Bloomfield Township, MI"
323,TomsRiverOEM,"Toms River, NJ 08753"
324,VaccinateIN,Indiana
325,disinfx,"Texas, USA"
326,RovePestControl,Minnesota
327,misspdw,"Rockville, MD"
328,AnneUrsell,"Kensington, MD"
329,CosmicLunchLady,Cosmos
330,phelpshospital,"Sleepy Hollow, New York"
331,owlwoman911_,üèîHighRockyNews RT for planet)
332,Tbone295,"Central Illinois, USA"
333,KnoxvilleNurse,
334,TTNGONews,Trinidad & Tobago
335,vrijdenkend,
336,MatMuratore,
337,Edenof5,
338,svsaadultsoccer,"Cranberry Township, PA  USA"
339,Convictuoso,
340,SaludHEALTHinfo,SAN DIEGO
341,Cougardruid,Oregon
342,messageplicity,"Saint Louis, Missouri "
343,totyfroty255,"Seoul, Republic of Korea"
344,kamisolf,
345,JOCOHealth,"Olathe, KS"
346,CentroGripe,"Valladolid, Espa√±a"
347,Kasia_HP,"Denver, CO"
348,dkcook,
349,MolinariZuzek,
350,yamatho2,Wayne PA
351,emvtbl,"Nanticoke, PA"
352,kent_dallis,
353,DanitaBlackwood,
354,jayc_bw,
355,HEAVENERYB,Heavener
356,momknowsbest15,"Albuquerque, NM USA"
357,Ana_love050,"Memphis, TN"
358,CityDrugInc,"Paragould, AR"
359,rockie_springer,"San Antonio, TX"
360,DoctorSekzi,Here
361,LJOates75,"Cary, NC"
362,QTent2016,"Toronto, Ontario"
363,Kam_i_Lah,Barbados
364,AbtKathleen,"Bethesda, MD"
365,Belle_Vivant,"Texas, USA"
366,mountainnyg,
367,BestAILife,
368,13thgenusa,"Brooklyn, NY"
369,bema01,"Braintree, Ma"
370,Jesspmkn,"Strongsville, OH"
371,ophiryotam,"Philadelphia, PA"
372,_sNawal,Riyadh/Makkah
373,tarunjainmd,Chicago IL
374,gyjcman,"New York, NY"
375,Shalisa_Renee,
376,_steve3_,"Highlands Ranch, CO"
377,morenoceci,
378,CathyFarrow1,"Central Okanagan, British Columbia"
379,dmullinsdms,"Norwich, VT"
380,Acharya_Amit,"Marshfield, WI"
381,jsonjonson,"Fishers, IN"
382,CaraThurman,Nashville/NYC
383,chsabc2015,"St Joseph, MO"
384,alsaleh4u,"Riyadh, Kingdom of Saudi Arabia"
385,OSAPtweets,"Atlanta, GA"
386,DoriMuetz,
387,Gerardo8aV,Cayman Islands
388,kevinault,"Overland Park, KS"
389,lauraparkerrn,
390,NAPNAP,New York
391,GreeneCoPH,"Xenia, OH"
392,ShannonGBlake4,"Atlanta, Georgia"
393,ShawnF_Regis,
394,EbetheHolland,
395,MamtaKJain,"Dallas, TX"
396,baconised,"Bedford, MA"
397,ZW5424,"Pennsylvania, USA"
398,Zoono_USA,United States
399,ImproveAU,Globally
400,WUSTLmed,"St. Louis, MO"
401,artofperson,South Florida
402,BrenWalsh84,"New York, NY"
403,SuzanneNorby,"Rochester, MN"
404,DCJ819,NC
405,paulakaribau,"Port Moresby, Papua New Guinea"
406,KaufmanCoOEM,
407,LoggheMD,"Reno, Nevada"
408,amstambaugh108,The Mitten
409,IRPatNIH,
410,StayYoungMedia,"Texas, USA"
411,TomVanOsdol1,"Jacksonville, Florida"
412,theAntonioSC,"New York, USA"
413,MyHealthyBabies,
414,yodelhealth,"Frisco, CO"
415,uconnhealth,"Farmington, CT"
416,OzarksMedCenter,
417,barav,"Washington, DC"
418,amal_elan,"San Francisco Bay Area, CA"
419,IDinChildren,"Thorofare, NJ"
420,o2real365,"Spartanburg, SC"
421,THealthNetwork,"Southfield, MI"
422,NJHospitals,"Princeton, N.J."
423,OhioHospitals,"Columbus, OH"
424,lj_tan,"Chicago, IL"
425,NurseCollins1,"Houston, TX"
426,AmySand71517658,
427,pepperman54,"Bloomington, Illinois"
428,BetcoCorp,"Toledo, Ohio"
429,AshleySpicerTV,"Jacksonville, Florida"
430,ppenttin,Scandinavia
431,UNI_SHC,
432,DaveR94476809,
433,PalmBeachCMA,"Diocese of Palm Beach, FL üèñ"
434,mitchells_drug,"Neosho, MO"
435,RobBecker_,Wisconsin
436,WTNH,"New Haven, CT, USA"
437,MassDPH,"Boston, MA"
438,CHCConnecticut,Connecticut
439,elliothealthsys,"Manchester, NH"
440,andy_smth,"Rochester, MN"
441,LaboratorioFe,
442,TLRMC_info,"Leitchfield, Kentucky"
443,VictoryInnovCo,
444,lawrenc05559495,
445,BiotecnologiaI1,
446,hettieww100,
447,JeffMedical,"Jefferson Parish, Lousiana"
448,KeukaHealth,"Keuka Park, NY"
449,vbellrn,"Oklahoma City, OK"
450,wiggley_dale,New Zealand
451,JackSpratsMom,
452,rumflavor,cuba/florida
453,NHTIHealth,"Concord, NH"
454,GoSignMeUp,"Irvine, CA"
455,NCPublicHealth,"Raleigh, NC"
456,allenturd,"San Francisco, CA."
457,JenniferMeyer6,UAA
458,CAPublicHealth,"Sacramento, CA"
459,ssmhealthwi,"Wisconsin, USA"
460,USWeatherExpert,Happiest man on earth.
461,MaryKateC35,"Milwaukee, WI"
462,bp1458,"Wilkes Barre, PA"
463,RosemaryQuinlin,"Rutherford, PA"
464,WhatMattHerrs,"Raleigh, NC"
465,kiabhet625,
466,urbanx_f,Toronto
467,PAHealthDept,"Harrisburg, PA"
468,Qual_Insights,"Charleston, WV"
469,AFCUCMemphis,"Memphis, Tennessee"
470,JKneuvean,"Kansas City, Missouri"
471,bananagretz,"Memphis, TN"
472,cjohnson0106,
473,nhclv,"Allentown, PA."
474,PreciousKumbani, Blantyre - Malawi
475,bcmhouston,"Houston, Texas"
476,tonirtx,"Texas, USA"
477,WHPharmacist,"Twinsburg, OH"
478,miguel_lezana,M√©xico
479,Luminex,"Austin, TX"
480,jctar1,TX
481,shyduroff,@MIT+brksr'pthbrmbccdvtm/rattftpt
482,mark_lombardo,
483,ARHumanServices,"Little Rock, AR"
484,ldmsnurse,"Lake Dallas, TX"
485,EverThriveIL,"Chicago, IL"
486,MRAN_Wyoming,
487,DrKND,"Ashland, OR, USA"
488,juanelosag,
489,GreySouthwick,"Minnesota, USA"
490,Tammylbg,"Hartly, DE, USA"
491,shodamolaJR,"Georgia, USA"
492,lacitybrenda,"Los Angeles, California"
493,SCBHSBenson,"Benson, MN"
494,LNKhealth,"Lincoln, NE"
495,libbyrn,Raleigh NC
496,csmithgonzalez,"Galveston, TX"
497,AJBrumley78,"Lexington, KY"
498,mccrenshaw,"Atlanta, Georgia "
499,MiguelDePedroA1,"Valladolid, Spain"
500,AAACERT,"Annapolis, MD"
501,shinku__,
502,tomitaltosai022,"Celld√∂m√∂lk, Magyarorsz√°g"
503,HealthcareAgg,
504,sonnyernst,
505,monitor_PH,
506,CDCgov,"Atlanta, GA"
507,FluNearYou,"Boston, Massachusetts"
508,DrugwatchTerry,"Orlando, FL"
509,jkruse1010,"Marshfield, Wisconsin"
510,coloradogov,Colorado
511,Mommie_Hass,"Minnesota, USA"
512,JHHCSolutions,"Baltimore, Maryland"
513,DoctorsReportTM,United States
514,FaithBoldness,
515,PlantationHosp,"Plantation, FL"
516,EatLiveRoc,"Rochester, NY"
517,mfldclinic,Wisconsin
518,MDMagazine,United States
519,RunnymedeHC,"Toronto, ON"
520,justacooldude,Michigan
521,SeatonJefferson,"Missouri, USA"
522,weicheltb,"Marshfield, WI"
523,Flareware,Washington DC
524,MCResearchInst,"Marshfield, WI"
525,apexreps,"Lemont, IL "
526,Jaxhealth,"Jacksonville, FL"
527,mystlukes,"Lehigh Valley, Pennsylvania"
528,CDPulcini,
529,Usamah_Ahmad_I,Nigeria
530,Drvaliente,Comunidad Europea
531,devichechi,New York City
532,PhysiciansPract,"Baltimore, MD"
533,HealthyEscambia,"Pensacola, FL"
534,PoconoHYanulus,"Stroudsburg, PA, USA"
535,PoconoRecord,"Stroudsburg, PA"
536,FritzQuincke,St.Pauli bei Hamborg-Altno
537,INsdc,"Indianapolis, IN"
538,LakeviewJulie,"Chicago, IL"
539,JeffcoPH,"Lakewood, CO"
540,Mister_Sadistic,"Ontario, Canada"
541,AJMC_Journal,"Cranbury, NJ"
542,RodneyRohde,Texas State University - @TXST_CLS
543,mcall,"Allentown, PA"
544,drctruss,"Atlanta, GA"
545,Caerage,Denmark
546,CanberraCorp,"Toledo, Ohio"
547,RVAHealthDept,"Richmond, Virginia"
548,dknightatboiron,
549,AffiliatedPhys,United States
550,ClimateHealthEd,
551,ecoderre,"Bristol, CT 06010 USA"
552,RealGeorge_K,
553,MichelleVaitkus,United States
554,OfficePro5,USA
555,VAPittsburgh,"Pittsburgh, PA "
556,MayoContent,"Minnesota, USA"
557,natureclaim,"Chicago, IL"
558,clelialarenza,"Acquaviva delle Fonti, Puglia"
559,RetireMEDiQ,"Dayton and Cincinnati, Ohio"
560,rubbadoc,"W≈Çoc≈Çawek, Polska"
561,demand_dissent,"Frederick, MD"
562,fuelgoodness,"Toronto, Ontario"
563,gflaterr,
564,foamid,"Boston, MA"
565,PEIPharmacists,Prince Edward Island
566,Cashprize,
567,jschreiberdo,
568,abtassociates,"Cambridge, Massachusetts"
569,KennedyClemente,MOUNT VERNON NEW YORK
570,kosolobo,
571,CrismonUTCOP,"Austin, TX"
572,jackiedavissays,"Atlanta, GA"
573,IAmBiotech,"Washington, DC"
574,AmeshAA,"Pittsburgh, Baltimore, NYC"
575,CurtBeavers,"Atlanta, Georgia"
576,keuhner,"South Riding, VA"
577,FredNatrella,Spain
578,mitomireskrokov,:)\__ _   „Ç±„Éô„ÉÉ„ÇØ 
579,maxabillioncruz,
580,nmpra,United States
581,risk_averse_,United States
582,BenKerrey,
583,nursesam1,
584,MalloryBlazetic,
585,LiLSwurvie,ATL - WV - LA
586,officialgfendi,"West Virginia, USA"
587,flylikeuspapers,
588,AngelaRagin,
589,ricoildefonso14,
590,pemdoc,Houston
591,80s_hairrocks,
592,DrGagen,
593,Justina_PC,"Chickasha, OK"
594,STX488,Cardiff NJ
595,pharmacopsych,"San Antonio, Texas"
596,alruthHR,"Jacksonville, Florida"
597,Cindy_52s,United States
598,BurtonABC7,
599,NeWeathereye,North Weymouth Mass
600,SinfoniaRx,"Tucson, AZ"
601,graham_dodge,"Kansas City, MO"
602,johncalichi,"Chicago, IL"
603,TM_Loftus,"Chicago, IL"
604,SherazKhanTT,Unknown
605,ABC7Chicago,"Chicago, Illinois"
606,KrasheskyABC7,Chicago
607,LauraBe48891449,"Boston, MA"
608,dr_frankm,Camrose Alberta Canada
609,DorchesterNorth,
610,KenRedcrossMD,"New York, USA"
611,TheFranklin,"Philadelphia, PA"
612,ParentAlerte,()
613,savral,"Milwaukee, WI, USA"
614,jhowardbarrett,"Nova Scotia, Canada"
615,naturalk22,Toronto
616,me_not_animal,Durham
617,MissyPfaltzgraf,"Pickerington, Ohio"
618,DMDavis18,
619,greenfarmjuice,"Blue Ash, OH"
620,ValueDrugs,New York
621,artandcrypto,"New York, NY"
622,emuna670,Northern Mariana Islands
623,ArielBlocker,Lyon (France)
624,PitchAmy,New York City
625,JeremyFarrar,London
626,MammaF,Greater Toronto Area (GTA)
627,IDSAInfo,"Arlington, VA"
628,Kabira52183510,
629,AshleyB21275343,"Sarnia, Ontario"
630,FeG_MO,
631,Cm_KeithKaplan,"Teaneck, NJ"
632,AFTeaneck,"Teaneck, NJ"
633,ukyphd,
634,paedsem,"Brisbane, Australia"
635,Resort32204,"Denver, CO"
636,SterileSpace,"Verona, NJ"
637,AHLA,"Washington, D.C. "
638,pccm_doc,"Cincinnati, OH"
639,ONEHealthOhio1,"Youngstown, OH"
640,RussMontgomery4,"Eatonton, GA"
641,RobinEnochs,Texas ‚ô° Yeshua 
642,CannandaCrew,Canada
643,lifesapartayy,"Tuscaloosa, AL"
644,Hombre_Perfesto,Una galaxia muy muy lejana 
645,BDandCo,"Franklin Lakes, NJ"
646,DavidDoc,Little Rock
647,chukanestor,"Columbia, Missouri"
648,plattehealth,"Platte City, MO"
649,PlacerCA,"California, USA"
650,EvidenceRobot,"Belfast, Northern Ireland"
651,purpleduck76,"north,ca United States"
652,NCFam_United,"Burlington, NC"
653,jenloveszach,Isle of the lost
654,Doc_Durham,"Abbeville, SC"
655,ChicagoScience,Chicago
656,jtenenbaum,"Washington, DC"
657,SPKwomenshealth,"Cleveland, OH"
658,ColleenHuberNMD,"Tempe, AZ"
659,DogMomRuth,"Morristown, TN"
660,steven_bellah,"Kansas City, Missouri"
661,YouCompli,"Pittsburgh, PA"
662,BlakeCirks,"Gaithersburg, MD"
663,CintasClean,USA 
664,PMP_Consultant,South Africa
665,BarryBottino,Chicago
666,OrcaDiva80,"Hamilton, Ontario"
667,LeslieTomMusic,"denver, co"
668,PEMTweets,"Cincinnati, OH"
669,DrBramPedsER,"Houston, TX"
670,BlondeScientist,
671,KymmBallard,North Carolina
672,bcbssc,"South Carolina, USA"
673,Tiger_Medical,"Irvington, NJ"
674,mathiaspier1,"Michigan, USA"
675,ChrisCarrollMD,"Usually CT, sometimes AK"
676,NALISTT,Trinidad and Tobago
677,meducate,"Fairfax, VA"
678,mooncindylu,Central USA
679,FLBlue,Florida
680,ThisMomHCN,
681,ReachMD,"Fort Washington, PA"
682,PeiSzeCheng4NY,"√úT: 40.747787,-73.973573"
683,PaulBerglMD,"Milwaukee, WI"
684,BrianJBaker7,Ohio
685,qsteruk,"Birmingham, England"
686,therealdretchi,
687,HerrickHlthLib,"9001 Wakarusa St, La Mesa, CA"
688,UConnResearch,"Storrs, CT"
689,jenselk,"Durham, NC"
690,NEWHealthBoston,"332 Hanover Street, Boston, MA"
691,YozellAssoc,"Boston, MA"
692,faithhealthhome,"Missouri, USA"
693,womenshealth,U.S.
694,MIRAPartners,Texas and Utah
695,mercykoppuzha,
696,BrendaEarles,
697,lmadoff,"Boston, USA"
698,HealthyMePA,"Pennsylvania, USA"
699,NIAIDNews,"Bethesda, MD"
700,newsgovtt,Trinidad and Tobago
701,VeritivClean,North America
702,drkdhoffman,US
703,RicePharmacy,"Beaver Dam, KY"
704,ImmunizeCOKids,Colorado
705,SpectrumCtrMS,"Hattiesburg, MS"
706,AUMedClinic,"Auburn, AL"
707,alyddelta,
708,ChangeItUpEdit,"Boca Raton, FL & Portland, OR"
709,amychmorris,United States
710,cjUCocean,"731 Highway 35 Ocean, NJ 07712"
711,CassMickens,"Birmingham, AL"
712,mastrolyn,
713,RandolphCHD,"Moberly, MO"
714,BoironDonna,"California, USA"
715,jenny92dn,"Baltimore, MD"
716,owenmp,"Bellevue, WA, USA"
717,IntelliDent1,Made in the USA
718,NHufnallRealtor,"Texas, USA"
719,neurologo,The cesspit of civilization.
720,stephanemarcoux,"Belfort, France"
721,UserHG1,
722,CenturyLLC,"Greensboro, NC"
723,SptbgRegional,"Spartanburg, SC"
724,XpertHR_USA,"New York, NY"
725,PartnersNews,"Boston, MA"
726,DrNanN,"Las Vegas, NM"
727,noname_8,Somewhere over WTF land 5 55
728,Shanelp5,
729,LisaJaye08,"Brooklyn, NY"
730,Hoosiersvaccin8,"Indiana, USA"
731,HealthyCarnivor,U.S.
732,DukeHSQ,"Durham, NC"
733,LilyLebrun7,
734,_HealthyU,
735,ArmyRHCAtlantic,"Fort Belvoir, VA"
736,genesishealth,"Davenport, Iowa"
737,WFCTSI,"Winston-Salem, NC"
738,pkatboiron,"Houston, TX"
739,OhioMedicaid,State of Ohio
740,911Safety,"Yucaipa, CA"
741,JustinCollierMD,"Nashville, TN Area"
742,CleveClinicCan,"Toronto, ON"
743,SOEKOCCESS,Kaserem / Uganda/ Africa 
744,tzack16,"Chicago, IL "
745,DrPedre,New York City
746,Alexiede,Northeast Pa
747,ChristinaJarv20,
748,cimesalvador,san salvador
749,ASHPOfficial,"Bethesda, Maryland"
750,doctorofcause,"Ogallala, NE"
751,hillshealthy2,"Easton, MD"
752,ushahmd,"Houston, TX (and well beyond)"
753,IneWauben,"Hamilton, Ontario"
754,gortombina,
755,RChealthservice,"Weston, MA"
756,GIS_gov,"Polska,Warszawa"
757,mnt,United States
758,Flu_Killer,"Dollard des Ormeaux, Qu√©bec,Ca"
759,Needham_Health,"Needham,  MA"
760,subsurface_life,"Delaware, USA"
761,220Amoma4,
762,TEACHhealthuk,Essex
763,b_n_strr,Qonos
764,FOX19,"Cincinnati, OH"
765,Fox19Jessica,Cincinnati :)
766,MNT_Yella,"Brighton, England"
767,deborah_linz,"Centerville, OH"
768,eclinicNigeria,"3 Agadez Street, off Aminu Kano Crescent Wuse 2, Abuja"
769,annliz2020,
770,ClarePower14,
771,Telfonix,"venice, fl"
772,AnnHamlett3,"North Carolina, USA"
773,GrowFromHereNZ,Wellington Porirua
774,BarbraTugman,
775,ihealthtube,United States
776,CrisGlezR,"Salamanca, Espa√±a"
777,dinerlee,"North Carolina, USA"
778,isabelle_gremy,"Ile-de-France, France"
779,Kiwiseabreeze,"Wellington, NZ"
780,ketaminh,Tweets are my own and not representative of my employer
781,alexsrobin,Wishing I was at the beach
782,MPDexpert,U.S.
783,KofiTengkorang,"Cape Coast, Ghana"
784,DisneyLoeffler,
785,micropiccy,"Turin, Piedmont"
786,OCREAL_ESTATE,"Orange County, California"
787,illy_gilly_,"Atlanta, GA"
788,HamOnt_Aging,"Hamilton, ON"
789,Fl_flipflopgirl,United States
790,RMDProducer,"Chicago, IL"
791,jennjlacy,Oklahoma City
792,RumphandAssoc,"GA, AL, South Africa"
793,RexArcherMD,"Kansas City, MO"
794,K664DonnaJ,
795,LVSwellness,Guam
796,berginpanimayam,"Ashburn, VA"
797,DurantJimmy,
798,AYUSHVISHWANAT1,"DELHI,INDIA"
799,tcmrobin,I BLOCK Disrespectful Tweets
800,USAndChennai,"Chennai, Tamil Nadu, India"
801,trickyjet,
802,fs36r,"Toronto, Ontario"
803,MaryJo__Perry,Pelahatchie MS
804,Slowitdownckd,AZ.
805,BucknellStuHlth,
806,laccd,"Los Angeles, California"
807,CPHIatUPenn,"Philadelphia, PA"
808,Zulei_Mg,
809,AliciaMPH,"Philadelphia, PA"
810,MyAgentMattie,Philadelphia PA
811,SSMHealthSaints,"Oklahoma City, OK"
812,cai_lila,Canada
813,GoddessSulliva1,"Arkansas, USA"
814,Carolin34113715,"Georgia, USA"
815,PathogenScribe,"Galveston, TX"
816,drvillasenior,Chihuahua
817,HOUmanitarian,"Houston, Texas, U.S.A."
818,POSUTtRUmp,"The 4 Treasons, Mar-A-Shithole"
819,MaritzaBondmph,"Connecticut, USA"
820,ASNKidney,"Washington, DC"
821,Adefovir,„Åï„ÅÑ„Åü„ÅæÂ∏Ç„ÄÅÂ∑ùË∂äÂ∏Ç„ÄÅË∂äË∞∑Â∏Ç„ÄÅ‰∏âÈÉ∑Â∏Ç„ÄÅ‰∏äÂ∞æÂ∏Ç„ÄÅÊñ∞Ë∂äË∞∑ÈßÖ
822,ImmunizeNV,Nevada
823,mzchief,United States
824,mencardio,
825,ArielleHoward52,"Oklahoma, USA"
826,DrJaneDoeNoMoe,FunFact (#Satire)Twitter's TOP10 #6 @DrJaneDoeNoMoe(The 7/27/2004 JaneDoe)via @anthonyanderson‚åõÔ∏èhttp://www.finsterdata.com/twitter/topic-times_up/üéºüìé
827,Marthe_USAFacts,"Washington, USA"
828,PhysEye,"3930 Hoyt Ave.   Everett,Wa"
829,fkeskew,United States
830,DrMarilena,
831,jmanoreal,"Philadelphia, PA"
832,hiro640311,Tokyo
833,smdiet,"Quakertown, PA"
834,mindability,"Scottsdale, AZ, USA"
835,angiebeebad,Texas
836,janey_35,Northern Mariana Islands
837,PACTVGovtAccess,"Plymouth, MA"
838,rodiamatz,
839,comicalwagner,NYC
840,Wellfirstuc,"Evansville, IN"
841,El_Paulo27,
842,Agingwithkarla,"Tampa Bay area, FL"
843,aireupthere,La
844,BNightsCRPS,UK
845,mrjohelpadilla,V√≠a L√°ctea
846,SethuLBabu,
847,respect1968,United States
848,lymanduggan,"Tampa, Florida"
849,RevDrJestus,"Inver Grove Heights, MN"
850,FLAHAULT,Switzerland
851,cnmichcc,United States
852,GracieBagosy,"Buffalo Grove, IL"
853,DetroitMommies,Metro Detroit
854,SCCHealth,"St. Charles, MO"
855,mitchell_reva,
856,JaksPharmacy,"Bowling Green, OH"
857,lexrhc,"Lexington, Nebraska"
858,leonidlvd,Indonesia
859,BillNigh,
860,rbarralesr,Right behind you...
861,TheTruthStudio,"Chicago, IL"
862,outbreakmuseum,"Portland, OR"
863,grbusinaro,
864,rbarishansky,"Pennsylvania, USA"
865,pradeu,"Bordeaux, Aquitaine, France"
866,gallus_pallas,In the coop
867,rustinmooredvm,"Columbus, OH"
868,dr_dmorgan,"Baltimore, MD"
869,libertylives277,"California, USA"
870,realKyleOlbert,"Washington, DC"
871,Brittany_PA_C,"Gainesville, FL"
872,Celinuchis90,
873,nuriamariach,"guatemala ,zacapa"
874,MDveter,
875,BloomTaxonomy,
876,picardonhealth,Montr√©al
877,RealtyNetworkG,"Clarks Summit, PA"
878,SMacMillanMD,
879,sbdrysdale,"London, England"
880,DPSNursing,
881,felesiabowen,"South Carolina, USA"
882,jfboers,"Atlanta, Georgia, USA"
883,thelonevirologi,USA
884,OzlemEquilsMD,Los Angeles
885,JulieMarieWolf,"New York, NY"
886,MackayIM,"Brisbane, Australia"
887,jkagan1,Boston
888,irbertvega,"Sitka, AK"
889,canoester,
890,CIDRAP,"Minneapolis, MN"
891,Lo_Zanzi,"Boston, MA"
892,_AndrewSchmidt,"Atlanta, GA"
893,abtassociates,"Cambridge, Massachusetts"
894,PIDSociety,"Arlington, VA"
895,Geospatial_DA,"Sparks, MD"
896,kariusdx,"California, USA"
897,Dr_Mike_Fradley,Tampa
898,UCNetworkOmaha,"Omaha, NE"
899,onco_cardiology,"Texas Medical Center, Houston"
900,NC_FCSExtension,"Raleigh, NC"
901,SDDOH,"Pierre, SD"
902,avirupguha,"Ohio, USA"
903,TheInfluenzers,"Washington, DC"
904,GertvanderHoek,Netherlands
905,SITNBoston,"Boston, MA"
906,qeastman,"Decatur, GA"
907,medpagetoday,"New York, NY"
908,MedPedsAllergy,"West Bloomfield Township, MI"
909,MDMagazine,United States
910,ParticleDoc,"Indianapolis, IN"
911,RXOnTheHill,"Tallahassee, FL"
912,outbreaksci,United States
913,phelpshospital,"Sleepy Hollow, New York"
914,saadhealth,"New York, NY"
915,jennethn_,"Connecticut, USA"
916,peejaybee3,
917,Restoration112,KINGDOM OF GOD
918,educate_tv,United States
919,artofperson,South Florida
920,domsam,Halifax
921,Lynn_mnhealth,
922,ktlesser,"Florida, USA"
923,AANP_NEWS,"Austin,TX"
924,yodelhealth,"Frisco, CO"
925,ColumbiaDoctors,New York
926,zaidaroamoreno,M√©dico Barquisimeto Lara 
927,TonyaK2016,
928,doctorsimon2,Roma y Barcelona
929,22qSyndrome,
930,dralliewright,"Las Vegas, NV"
931,HealthcareAgg,
932,louishowley,Phoenicia
933,monitor_PH,
934,CDCgov,"Atlanta, GA"
935,eMPR,New York
936,NoraCutcliffe,"Toronto, Ontario"
937,PemTrainingUK,United Kingdom
938,shodamolaJR,"Georgia, USA"
939,GlobalPHObserv,Baltimore MD USA
940,mccrenshaw,"Atlanta, Georgia "
941,SchillerLab,"M√ºnchen, Bayern"
942,Mommie_Hass,"Minnesota, USA"
943,aafp,"Leawood, KS"
944,DoctorsReportTM,United States
945,Eickelberg_MD,"Denver, CO; Do and M, GER"
946,apexreps,"Lemont, IL "
947,MedGizmo,"New York, NY"
948,Chris__Merritt,"Providence, RI"
949,CDPulcini,
950,dra_talavera,"Asuncion, Paraguay"
951,NMPulmCritCare,"Chicago, IL"
952,IDinChildren,"Thorofare, NJ"
953,drctruss,"Atlanta, GA"
954,immunize_de,
955,delamed,"Newark, Delaware"
956,DrEmilyT,"St Louis, MO"
957,demand_dissent,"Frederick, MD"
958,ldpsci,Maryland
959,thrillerkb,
960,DrKGoode,"Richmond, VA"
961,JOCOHealth,"Olathe, KS"
962,epaultaylor,Toronto
963,jackiedavissays,"Atlanta, GA"
964,maxabillioncruz,
965,nmpra,United States
966,BenKerrey,
967,pemdoc,Houston
968,MelanieJFarkas,"Columbus, OH"
969,lynn_bahta,Minnesota
970,SwamyGeeta,"North Carolina, USA"
971,TM_Loftus,"Chicago, IL"
972,NursesWhoVax,New York
973,Unataraj15,
974,Amy_Finan,"Washington, DC"
975,HumanVacProject,"New York, NY"
976,paedsem,"Brisbane, Australia"
977,pccm_doc,"Cincinnati, OH"
978,GuzmanQCarlos,
979,dradianaperales,"Le√≥n, Gto. M√©xico"
980,DrBGellin,"Washington, DC"
981,lj_tan,"Chicago, IL"
982,SanofiUS,"Bridgewater, NJ"
983,OSUEMEdu,"Columbus, OH"
984,apemke,"Florida, USA"
985,azizomar2200,riyadh 
986,ahabwe_pharma,Kampala
987,sabinvaccine,"Washington, DC"
988,BlakeCirks,"Gaithersburg, MD"
989,ro_collins,Galway * Oslo * Worldwide
990,SeemaJJIC,"New York, New Jersey"
991,beasonsaver,"Grand Blanc, MI"
992,PEMTweets,"Cincinnati, OH"
993,EvidenceRobot,"Belfast, Northern Ireland"
994,EBmedicine,"Norcross, GA"
995,BlondeScientist,
996,KymmBallard,North Carolina
997,bcbssc,"South Carolina, USA"
998,HVWilliamsburg,"Lincoln, NE"
999,Tiger_Medical,"Irvington, NJ"
1000,soniatid2,"Salt Lake City, UT"
1001,geronsociety,"Washington, DC"
1002,narwulandari,Indonesia
1003,famfightflu,"Arlington, VA"
1004,BioAndBaseball,"Baltimore, MD"
1005,DrMilks,"Bloomington, Indiana"
1006,jenstec13,"Washington, MI"
1007,drkdhoffman,US
1008,AVACNow,
1009,SerafinaRising,"New Jersey, USA"
1010,ChristaODell7,
1011,viracoreurofins,"Lee's Summit, MO"
1012,drram0503,"London, England"
1013,cjUCocean,"731 Highway 35 Ocean, NJ 07712"
1014,NelsonAmiee,
1015,MlleDeFloride,"Calhoun, GA"
1016,OhChelseaXO,"St Clair Shores, MI"
1017,CenturyLLC,"Greensboro, NC"
1018,OrganicLiveFood,US
1019,TheRealNikkiC,"Michigan, USA"
1020,Soldout100,"Whitehall, MI"
1021,ezbirth,"Rochester, MI"
1022,_savannah2521,Denver
1023,MedFreedomMom1,
1024,JustinCollierMD,"Nashville, TN Area"
1025,AFHSBPAGE,"Falls Church, VA"
1026,SchurginT,
1027,Jaylyn888,
1028,BKBMD,
1029,LCCoolePhotos,"Oakland County, Mi"
1030,MJBurkMD,"Indianapolis, IN"
1031,FreedomVax,
1032,medsengage,Canada
1033,DisneyLoeffler,
1034,DrBKshah1,"Ahmadabad City, India"
1035,floralpalette,"Auburn Hills, MI"
1036,DurantJimmy,
1037,PharmaOutlook,United States
1038,SSMHealthSaints,"Oklahoma City, OK"
1039,MsBJPeart,Charleston South Carolina USA
1040,d_llanten,Santiago Metropolitan Region
1041,SMorenoQuimbay,Medell√≠n
1042,s88482501,
1043,wadebaksh,Toronto
1044,MadyHadyShady,
1045,LeoUzych,"Wallingford, PA"
1046,Importantnotimp,Earth
1047,RGEM82,"Santiago, Chile"
1048,MagsTweets2,First State
1049,CClinicJournal,United States
1050,BenjaminHCCarr,New York
1051,JGordonBramer,"St. Louis, MO"
1052,MMCAP_Online,Minnesota
1053,NPHLab,"Omaha, NE"
1054,Writerchk,
1055,Change_HC,"Nashville, TN"
1056,coldQ1,Canada
1057,cyprus_reporter,Cyprus
1058,grbusinaro,
1059,DrBHerndonHayes,"Columbus, OH"
1060,nubiaredondo,venezuela valencia
1061,Chris_Camp6ell,
1062,ShariShea23,"Baltimore, MD"
1063,nissen_l,"Brisbane, Queensland"
1064,MeghanFuschino,
1065,El_Influenza,
1066,rbarishansky,"Pennsylvania, USA"
1067,roughtradeX,United States
1068,angel42710,"West Point, UT"
1069,Coleah,No. Central Missouri
1070,Fliff96,"Philadelphia, PA"
1071,becauseofthefun,
1072,SteveRogers_2A,"Utah, USA"
1073,ORourkeJr,
1074,j9duffy,"Arlington, MA"
1075,Dr_AliRaza,"Lahore, Pakistan"
1076,pipandbaby,"Connecticut, USA"
1077,pradeu,"Bordeaux, Aquitaine, France"
1078,ERamosPhD,"Rockville, MD"
1079,UCLAKerim,"Surf City, USA"
1080,MackayIM,"Brisbane, Australia"
1081,mmfbunny,"Orlando, FL"
1082,danielstefanski,Australia
1083,ltdhcky22,
1084,NoahProoval,"Montr√©al, Qu√©bec"
1085,TapanuiFlu,New Zealand
1086,flowcare_,"Omaha, NE"
1087,bpoeb,"Birmingham, Alabama"
1088,SleepyistMike,"Scottsdale, AZ"
1089,coup321,"Burlington, VT"
1090,fl_west,"Pinellas Park, FL"
1091,gail_fab,U.S.
1092,SteelyClams,"Ottawa, Ontario"
1093,TheIowaClinic,Central Iowa
1094,KimberlyMenegh2,"Illinois, USA"
1095,ardoukoba40,"Landes, Aquitaine"
1096,gallus_pallas,In the coop
1097,SachaVoski,Prime Creator's house
1098,AdamMeier20,"Fort Thomas, KY"
1099,kgunturuMD,"Boston, MA"
1100,NoJusticeHug,United States
1101,EugeneBu,"Wrightwood, CA"
1102,vScienceBites,"Ohio, USA"
1103,ironlotus36,"New Mexico, USA"
1104,EvelynPringle,Wisconsin
1105,rustinmooredvm,"Columbus, OH"
1106,GwenSteffenDVM,"Milford, OH"
1107,HumanToxProject,
1108,therealbiostate,
1109,stepheneast,ireland
1110,judymorris3,"Delaware, USA"
1111,BatterburyRoger,
1112,TimesTranscript,"Moncton, NB"
1113,EloaDoner,
1114,1grandmamean,"Illinois, USA"
1115,AngelaRagin,
1116,theruralists,
1117,WomensHealthCT,"Avon, CT"
1118,PharmacyIcare,"Edmonton, Alberta"
1119,BinaryTreez,SoCal
1120,dr_dmorgan,"Baltimore, MD"
1121,RMcCulloh,"Omaha, NE"
1122,ViraBurnayeva,"NoVA, USA"
1123,KenHolt13,"California, USA"
1124,Ryan_Mac_Phd,"Chapel Hill, NC"
1125,DJGlittertitts,"Maryland, USA"
1126,libertylives277,"California, USA"
1127,realKyleOlbert,"Washington, DC"
1128,mad_sters,"New York, NY"
1129,JoinAPPA,United States
1130,Sarah_Q_Smithy,
1131,Brittany_PA_C,"Gainesville, FL"
1132,aetiology,"Kent, Ohio"
1133,noelenen,everywhere
1134,svagdis,
1135,EladSharonMD,"Washington, DC"
1136,thinkfree55,Deutschland
1137,Celinuchis90,
1138,dadwithabeard,Lincoln
1139,Oggs26,North West. England
1140,nuriamariach,"guatemala ,zacapa"
1141,ainnj2,United States
1142,UWbernardLab,"Madison, WI"
1143,RiesHunter,"Madison, WI"
1144,AMontgomery82,Niagara
1145,MDveter,
1146,thijskuiken,"Rotterdam, The Netherlands"
1147,CaCemeteryHist,Canada
1148,davidschull,New York City
1149,SE_Mamelund,"Skedsmo, Norge"
1150,Merton_Council,Merton
1151,Suscuss1,"Chicago, IL"
1152,JClinMicro,
1153,MorkieNation,toronto
1154,BloomTaxonomy,
1155,picardonhealth,Montr√©al
1156,BCHEPPdepthead,Mississippi State University
1157,clauepi,"Bogot√°, D.C., Colombia"
1158,ThayerThayer5,
1159,ASMicrobiology,"Washington, DC"
1160,RealtyNetworkG,"Clarks Summit, PA"
1161,markogeovani,"Alexandria, VA"
1162,dsantamariao,"Miami, FL"
1163,ChemiNoles,"Tallahassee, FL"
1164,swatson2323,
1165,AMCMA6,
1166,cheshire1418,Cheshire
1167,SolentNHSTrust,Hampshire
1168,mitdoc,"Roanoke, VA"
1169,NJTemperton,EU
1170,SMacMillanMD,
1171,EvaBS14,
1172,mwefqy,"Mansoura,Egypt-Beirut,Lebanon"
1173,MI_Alhassan,Not Home
1174,sbdrysdale,"London, England"
1175,EINH1N1News,"Washington, D.C."
1176,arsalanhahsmi,"Brooklyn, NY"
1177,DPSNursing,
1178,kevmhud,NY & NJ
1179,worldpeace435,United States
1180,Carlos_S01,Mexico City
1181,felesiabowen,"South Carolina, USA"
1182,REALLYDJP,"Calgary, Alberta"
1183,juperigny,"Saint-Denis, La R√©union"
1184,DocpalFrancesc2,"S√£o Paulo, Brasil"
1185,T0M0_K0NG,New York
1186,akaginacaputo,United States
1187,thekevkage,"Nassau, Bahamas"
1188,daniel_opazo,isla de pascua
1189,benegas_luis,
1190,riadejaneiro_,"St Louis, MO"
1191,sw1ssmystery,"Charlottesville, VA"
1192,Rx_Ed,NYC
1193,gorskon,United States
1194,G2Disrupt,"Baltimore, MD"
1195,DeschaineJustin,"Connecticut, USA"
1196,JordanBeckerPhD,"Minneapolis, MN"
1197,IllinoisRx,"Illinois, USA"
1198,kristinsullivan,"Saint Paul, Minnesota"
1199,jfboers,"Atlanta, Georgia, USA"
1200,Carla_YourAgent,"Crystal Springs, FL"
1201,BystanderBill,McHenry-Illinois
1202,erin_frost_art,"New York, USA"
1203,william_abraxas,United States
1204,maestraw,"Indiana, USA"
1205,jacy_gollee,"Hays, KS"
1206,ImmunizePA,Pennsylvania
1207,thelonevirologi,USA
1208,mlktpmsnh,Rochester NY
1209,Toto_Beans,"Greeley, CO"
1210,mdjd_begg,Tropics
1211,OzlemEquilsMD,Los Angeles
1212,JorgeLuisDiazMR,"Bogot√°, D.C., Colombia"
1213,VeritasEver, Australia
1214,Humbledore,Barrie
1215,westloopvet,"Chicago, IL"
1216,hdighn,Foothills of NC
1217,TakeThatCDC,"Atlanta, GA"
1218,JulieMarieWolf,"New York, NY"
1219,HFIdaho,Idaho
1220,Aim911,"Greenwood, IN"
1221,SusanFoxton1,
1222,DianaWalterosA,"Bogot√°, Colombia"
1223,steveestro,432Hz
1224,jkagan1,Boston
1225,rita21411,"Texas, USA"
1226,DrugStoreNews,"New York, NY"
1227,Killian_mullins,Barcelona
1228,VindicoMedEd,"Thorofare, NJ"
1229,BKilby,"Mooresville, NC"
1230,irbertvega,"Sitka, AK"
1231,mister_blank,"Near Worcester, MA"
1232,FayCortez,Minneapolis
1233,beccahathaway42,"Ankeny, IA"
1234,truckerjoe51,Kitchener On
1235,BigSnugALot,"Providence, RI"
1236,princeteejay25,INDIA
1237,gdiepenbrock,"Lawrence, Kan."
1238,mclark_ljw,"Lawrence, KS"
1239,LDCHEALTH,"Lawrence, Kansas"
1240,canoester,
1241,CIDRAP,"Minneapolis, MN"
1242,LizzieBillingt1,"Edinburgh, Scotland"
1243,JenBregman,
1244,Chip_Cohlmia,"Kansas City, MO"
1245,JOCOHealth,"Olathe, KS"
1246,kcharniga,"London, England"
1247,Lo_Zanzi,"Boston, MA"
1248,murksmusings,Illinois
1249,TheKidKidDoc,"Ohio, USA"
1250,_AndrewSchmidt,"Atlanta, GA"
1251,caitlyn_weir,"Mount Ayr, ia"
1252,LouisLeoIV,United States
1253,TargetMrkting,"Hershey, PA"
1254,kuriousmind93,United States
1255,CPHO_Canada,Canada
1256,neoengel,"LV426,The Pit,FireflyClassShip"
1257,Fla_Medic,West Central Florida
1258,joey_vendette,"Kitchener, Ontario"
1259,570NEWS,"Kitchener, Ontario"
1260,RonanKelly13,
1261,AVACNow,
1262,abtassociates,"Cambridge, Massachusetts"
1263,paj8588,"Missouri, USA"
1264,GertvanderHoek,Netherlands
1265,ilariacapua,
1266,BIOCIENCIA2013,Cuman√°
1267,SiouxlandHealth,"Sioux City, IA"
1268,danisanerd,Toronto
1269,emac1933,
1270,EarlyReport,Chicago
1271,Debbie29490650,"Texas üá®üá±, USA üá∫üá∏"
1272,NChardonnet,Saint Louis
1273,mydocgarfieldnj,"Garfield, NJ"
1274,kayeyewhy,"New York, USA"
1275,Qual_Insights,"Charleston, WV"
1276,darcy6179,"Mount Vernon, OH"
1277,PIDSociety,"Arlington, VA"
1278,SciencePharmer,"Petawawa, Ontario"
1279,MDedgePediatric,"Rockville, MD"
1280,Geospatial_DA,"Sparks, MD"
1281,jsgjames,
1282,nutritiontastic,"New York, NY"
1283,FederalGovNews,"Washington, DC"
1284,dmc1138,"Chicago, IL"
1285,R_Duggan_,
1286,Benzky,Indonesia
1287,EinsteinHealth,Philadelphia Pennsylvania USA
1288,realiwasframed,U.S.A.
1289,ghw55,"Newark, Delaware"
1290,BuddyB04863931,"Midwest, USA"
1291,kariusdx,"California, USA"
1292,hashtag_big,United States
1293,nativeminnow,The Shallows
1294,HeyyMahira,Denial
1295,Dr_Mike_Fradley,Tampa
1296,Vaxyourfam,United States
1297,ben_geisler,Boston MA & Adelaide Australia
1298,ChrisLoesch,Texas
1299,miguel_reyesMD,"Manhattan, NY"
1300,onwnews,"Oshkosh, Wisconsin"
1301,medicalaxioms,United States
1302,UCNetworkOmaha,"Omaha, NE"
1303,BarisBayram2045,"Istanbul, Turkey"
1304,PoetryAlive,"Asheville, NC"
1305,lakeeriecollege,"Painesville, Ohio"
1306,onco_cardiology,"Texas Medical Center, Houston"
1307,Wasssaname,"Brooklyn, NY"
1308,AmyMart1102,"North Carolina, USA"
1309,UHhospitals,"Cleveland, Ohio"
1310,deborah91473,St Louis
1311,NC_FCSExtension,"Raleigh, NC"
1312,DVGoldCoast,"Norwalk, CT"
1313,DVBridgeport,"Bridgeport, CT"
1314,DVFairfield_N,"Wilton, CT"
1315,SDDOH,"Pierre, SD"
1316,johncachero,"Hampton Roads, Virginia"
1317,MadisonVirology,"Wisconsin, USA"
1318,BlueHenNat,"California, Delaware"
1319,QueensPHPM,"Kingston, Ontario"
1320,JacesJarsofHope,"Wisconsin, USA"
1321,avirupguha,"Ohio, USA"
1322,CiaoLapo,"Prato, Italy"
1323,DhruvSingh45,
1324,Ashley03278285,"Nebraska, USA "
1325,BlueHenPhoebe,"Newark, DE"
1326,IndieCongress,United States
1327,GinAndJif,South Coast
1328,BagalueSunab,Trinidad and Tobago
1329,DrMartinCDC,"Atlanta, GA"
1330,TurnerNovak,"Grand Rapids, MI"
1331,MyBestestThing,Earth
1332,TecanaEdu,FL 33309 USA üá∫üá∏
1333,ThugPugMom,"Bowling Green, KY"
1334,TheInfluenzers,"Washington, DC"
1335,DMHospitalGroup,Ireland
1336,PKO823,Canada
1337,ipacuhn,"Toronto, Ontario"
1338,ZArtofWellness,California
1339,nymedcollege,"Valhalla, NY"
1340,PRI_Insurance,"Roslyn, NY"
1341,SITNBoston,"Boston, MA"
1342,qeastman,"Decatur, GA"
1343,BustosGina,
1344,ulsphis,"Louisville, KY"
1345,OneHealthUF,"Gainesville, FL"
1346,EPE_Movement,"ƒ∞stanbul, T√ºrkiye"
1347,Poxsonus,"Saskatoon, Saskatchewan"
1348,ImpactUN,New York
1349,medpagetoday,"New York, NY"
1350,DrDinahThyerlei,"Everett, WA"
1351,WildlifeDisease,"Lawrence, Kansas"
1352,KLChamberlain,"Lansing, Michigan"
1353,JuanJAmado,Panama
1354,MedPedsAllergy,"West Bloomfield Township, MI"
1355,vaccinemakers,"Philadelphia, PA"
1356,AlaskanCourtney,Alaska
1357,PrinceGYfan,"Texas, USA "
1358,KWhistler,"Lafayette, IN"
1359,plattecoem,
1360,MDMagazine,United States
1361,ParticleDoc,"Indianapolis, IN"
1362,RXOnTheHill,"Tallahassee, FL"
1363,MrJayCameron,3rd Rock from the Sun 
1364,outbreaksci,United States
1365,HambySr,"Provo, UT"
1366,DLenihanICOS_MD,"Missouri, USA"
1367,phelpshospital,"Sleepy Hollow, New York"
1368,Popgen_Papers,University of Wyoming
1369,Calmy66,
1370,GEricaPhillips,
1371,ReynoldsCatie,"Houston, TX"
1372,rngarthee,"Waukesha, WI"
1373,mbiojournal,"Washington, DC"
1374,saadhealth,"New York, NY"
1375,jennethn_,"Connecticut, USA"
1376,MatMuratore,
1377,ZulmaCucunuba,"London, England"
1378,100ansHM,Haute-Marne - France
1379,chellenelson17,"Marco Island, FL"
1380,MSSymptomsGone,New York
1381,TLaskyPhD,
1382,cranelaurie,
1383,JerryBeller1,"Atlanta, GA"
1384,CrystalRunJobs,"Hudson Valley, NY"
1385,Rydad98,Illinois
1386,alaskaking17,"Alaska, USA"
1387,eriklutz,"Clinton, IA"
1388,AccessIntegrity,"Albuquerque, N.M."
1389,stevekemple_inc,"Cincinnati, OH"
1390,PassRestProd,"Waterloo, IA"
1391,KalindaMwene,
1392,kawaas1,"Austell, GA"
1393,AlastairMcA30,"Vancouver, British Columbia"
1394,peejaybee3,
1395,itskiraj,"Manhattan, New York "
1396,QueenTaige,Not there yet 
1397,CL2Empower,"California, USA"
1398,livingjaded,Lakewood co
1399,Restoration112,KINGDOM OF GOD
1400,benoco,Australia
1401,UrbanGrayHK,"California, USA"
1402,theMagdalenRose,"Oregon, USA"
1403,drfixus,United States
1404,RMCarpiano,"Riverside, CA"
1405,kristinpuhl,"Seattle, WA"
1406,Akboss1988,"Canyon, TX"
1407,biorxivpreprint,New York
1408,arust_3,"Elk Run Heights, IA"
1409,CrazyRxMan,United States
1410,letmegetahug,"mississippi, usa"
1411,ScroochMagooch,"Valparaiso, IN"
1412,Julielena19,
1413,CentristRn,Berlin
1414,TamorahLewisMD,"Kansas City, MO"
1415,5NEWSNielson,"Fort Smith, AR"
1416,meri_munn,Utah
1417,DocArtzz,
1418,andresvecino,
1419,IamJayDay,"Jefferson, WI"
1420,miguelpulido,"Baltimore, MD"
1421,PHLPublicHealth,"Philadelphia, PA"
1422,ShohamTxID,"Baltimore, MD"
1423,brennajelli,"coldwater, ks"
1424,SarjuGanatraMD,"Boston, MA"
1425,ChaunceyGardner,"New York, NY"
1426,educate_tv,United States
1427,janetiandrews,"Iowa City, IA "
1428,dinkjardine,"Virginia Beach, VA"
1429,Peachykeen80,"Oklahoma City, OK"
1430,Danijean90,"Salt Lake City, UT"
1431,DiagnosticChick,"·è£·é≥·é© & Mvskoke land (Athens, GA)"
1432,will_means,"Orlando, FL"
1433,ShelbyHisel,United States
1434,ojcius,SF Bay Area
1435,krowleytweet,"Edina, MN"
1436,AmandaHunterMPH,"Louisville, KY"
1437,LoriRuder,"Cleveland, OH"
1438,hmbaquero,
1439,ContemPeds,"North Olmsted, Ohio"
1440,JorgeVillaMed,Chapel Hill
1441,jczm1991,"San Pedro Sula, Honduras"
1442,k_kinzel,Boston
1443,XtremeVirusProf,"Portland, OR"
1444,nickwohlge,"Memphis, TN"
1445,mactavish,Tuibin Ohlone land
1446,Just4TheCause,USA
1447,Paranor001,"Nova Scotia, Canada"
1448,HealthcareGlob1,USA
1449,Alexdgcasas,Bogot√°
1450,CarlosA56338438,
1451,angideetz,
1452,babbymd,
1453,JenniferMeyer6,UAA
1454,Ben_Kaplan,"New York, NY"
1455,VictorLpezMtz,M√©xico
1456,jackiantonovich,
1457,marieAn72486017,"Louisiana, USA"
1458,7emma1,"Blanchester, OH"
1459,debg7089,Nebraska
1460,sarah_martin_19,"Knoxville, IA"
1461,scoby1978,Ireland
1462,JordanDoesFlu,"Liverpool, England"
1463,SophApe,"Berks County, PA, USA"
1464,artofperson,South Florida
1465,AllyGarbs,Nova Scotia
1466,AshleyHommerTV,"Wausau, WI"
1467,allypeterswaow,"Wausau, WI"
1468,HHSRegion8,CO-MT-ND-SD-UT-WY
1469,kreest_uh,"Philadelphia, PA"
1470,domsam,Halifax
1471,Flashgordonv,Rural New Zealand
1472,HollywoodPost43,"Hollywood, California, USA"
1473,Jennifer_OHLITD,"PNW, United States"
1474,FranciscoSiEs,
1475,teresakloepper,
1476,IRPatNIH,
1477,AdvoKid1,
1478,Lynn_mnhealth,
1479,ktlesser,"Florida, USA"
1480,margierinee,"Pittsburgh, PA"
1481,Faaraa77,Wonderland
1482,AANP_NEWS,"Austin,TX"
1483,yodelhealth,"Frisco, CO"
1484,ColumbiaDoctors,New York
1485,t_e_knight,"Detroit, MI"
1486,famfightflu,"Arlington, VA"
1487,zaidaroamoreno,M√©dico Barquisimeto Lara 
1488,CSISpecialty,"Sanford, FL"
1489,PattyPmb37,"Texas, USA"
1490,HHSRegion10,Alaska/Idaho/Oregon/Washington
1491,HHS_ASH,"Washington, DC"
1492,mamalyssa17,"Urbandale, IA"
1493,KellyJoHoes,"Minnesota, USA"
1494,IDinChildren,"Thorofare, NJ"
1495,o2real365,"Spartanburg, SC"
1496,TonyaK2016,
1497,Pixelfish,Northern Hemisphere! PNW!
1498,doctorsimon2,Roma y Barcelona
1499,PattonBattalion,"Kentucky, USA"
1500,22qSyndrome,
1501,dralliewright,"Las Vegas, NV"
1502,HealthcareAgg,
1503,louishowley,Phoenicia
1504,monitor_PH,
1505,CDCgov,"Atlanta, GA"
1506,j_moore30,"Antigo, WI"
1507,eMPR,New York
1508,NoraCutcliffe,"Toronto, Ontario"
1509,SouthHillMedia,Inside the Beltway
1510,AbxDukeRaleigh,"Raleigh, NC"
1511,PemTrainingUK,United Kingdom
1512,TheAppalachian,"Boone, NC"
1513,c43l4n,"Nunavut, Canada"
1514,WTHDNEWS,"LaGrange, IN   Sturgis, MI"
1515,MassDPH,"Boston, MA"
1516,alexandraerin,Hagerstown
1517,keelysavage_,
1518,ENobleSchCorp,"Kendallville, Indiana"
1519,mo_oates,"West Lafayette, IN"
1520,RogerAntoniazzo,"Chicago, IL"
1521,notbatmanyet,"Lake Forest, IL"
1522,anvipalo27,Bogota
1523,UHRainbowBabies,"Cleveland, Ohio"
1524,nbcchicago,"Chicago, IL"
1525,AshleighOblivia,"England, United Kingdom"
1526,mnhealth,"St. Paul, Minnesota"
1527,RobertaSchell,"Ontario, CA"
1528,Lafayette_Grant,"Wisconsin, USA"
1529,MaryAnnePankhu1,"Port Hope, Ontario"
1530,troymedia,Canada
1531,currentcee_,Jamaica
1532,keidekay,"Tulsa, OK"
1533,NKUHistory_Geo,"Highland Heights, Kentucky"
1534,MDExpressva,"Hampton Roads, VA"
1535,tynishakeli,Earth 
1536,Nathanusa5Usa,
1537,IHAConnect,"Indianapolis, IN"
1538,Gilder_Lehrman,New York City
1539,KrauseDoris,"Winter Haven, Fl"
1540,WW1CC,"Washington, DC"
1541,ms_chi_town_eb,At The Mall Duhüí≤
1542,HunterProbss,"El Paso, TX"
1543,_NoItsPatrick,Maryland 
1544,Cupidkill_er,Park Lane 
1545,shodamolaJR,"Georgia, USA"
1546,GlobalPHObserv,Baltimore MD USA
1547,LizzyMcGuire419,"Port Clinton, OH"
1548,CrystalRun,"Hudson Valley, NY"
1549,mccrenshaw,"Atlanta, Georgia "
1550,DrPChouinard,"Moncton, NB CANADA"
1551,BenCh_EM,"Iowa City, IA"
1552,emmykegler,Minneapolis
1553,TCHDHealth,"Greenwood Village, CO"
1554,coloradogov,Colorado
1555,SchillerLab,"M√ºnchen, Bayern"
1556,JABell27,"Maryland, USA"
1557,Mommie_Hass,"Minnesota, USA"
1558,aafp,"Leawood, KS"
1559,DoctorsReportTM,United States
1560,Eickelberg_MD,"Denver, CO; Do and M, GER"
1561,AbbieATC,"Cincinnati, Ohio"
1562,kenziemartini,"Iowa City, IA"
1563,HAISurvivor,"North Carolina, USA"
1564,TulsaHealthDept,"Tulsa, OK"
1565,Battelle,"Columbus, OH"
1566,JuanUrregoR,"Bogot√°, D.C., Colombia"
1567,apexreps,"Lemont, IL "
1568,MaureenSpence24,"North Weymouth, MA"
1569,MedGizmo,"New York, NY"
1570,bloodSparasites,global
1571,abrelosojoscv,
1572,INSColombia,"Bogot√°, D.C., Colombia"
1573,CDCDirector,"Atlanta, GA"
1574,Chris__Merritt,"Providence, RI"
1575,CDPulcini,
1576,dra_talavera,"Asuncion, Paraguay"
1577,chslunchreport,"Clinton, IA"
1578,Entman1773,Southeastern CT
1579,cityofnkc,North Kansas City Missouri
1580,TinaEllmann,
1581,NMPulmCritCare,"Chicago, IL"
1582,HealthyEscambia,"Pensacola, FL"
1583,ehsan_mostafavi,Islamic Republic of Iran
1584,JeffcoPH,"Lakewood, CO"
1585,capefearvalley,"Fayetteville, NC"
1586,Sheeepkeef,"Halton Hills, Ontario"
1587,DrOmerIlahi,"Houston, Texas"
1588,mcall,"Allentown, PA"
1589,cafepharma,Atlanta
1590,drctruss,"Atlanta, GA"
1591,ClayCountyMO_EM,"Clay County, Missouri"
1592,holley_sherrie,"Fresno, CA"
1593,claymohealth,"Liberty, Missouri"
1594,eustino,
1595,torikatherinee,leoti KS
1596,immunize_de,
1597,delamed,"Newark, Delaware"
1598,profvrr,"New York, USA"
1599,DrEmilyT,"St Louis, MO"
1600,demand_dissent,"Frederick, MD"
1601,ldpsci,Maryland
1602,JoePlenzler,"Washington, DC"
1603,AmalFitness,American University of Beirut
1604,Suntimes,"Chicago, IL"
1605,tbrownwright,"Pittsburgh, PA"
1606,thrillerkb,
1607,DrKGoode,"Richmond, VA"
1608,epaultaylor,Toronto
1609,BoggisNews,"New Hampshire, USA"
1610,STR_Hammer,"Ligonier, Pennsylvania"
1611,jackiedavissays,"Atlanta, GA"
1612,UVA_PICU,"Charlottesville, VA"
1613,operationoxygen,ÎåÄÌïúÎØºÍµ≠
1614,misspdw,"Rockville, MD"
1615,Karlan1Michelle,"Grand Rapids, MI"
1616,MplsLocalBiZ,"Minneapolis, MN USA"
1617,lonedoggy," LI, NY"
1618,savvy_coop,HQ - NYC
1619,hanah1n,"Wisconsin, USA"
1620,Jaynarkliner,United States
1621,denise_donlon,"Galway, Ireland"
1622,eprnetwork,US
1623,EIN_News,Washington DC
1624,bp1458,"Wilkes Barre, PA"
1625,maxabillioncruz,
1626,nmpra,United States
1627,AnjonRoy,"Mankato, MN"
1628,BenKerrey,
1629,KimberlyRicks1,
1630,taylorkaysee,
1631,_steve3_,"Highlands Ranch, CO"
1632,copperbird7,Valley of the Sun
1633,NOMOPAIN4ME,"Gie√üen, Hessen"
1634,hannahrohlf,"Davenport, IA"
1635,agargmd,"Chicago, IL"
1636,MrsConnell212,"Chicago, IL"
1637,_lets_do_it_,"Florida, USA"
1638,masonconn10,"North Chicago, IL"
1639,MawleePearee,"Kingston, TN"
1640,BrookePaige_H,"Waterloo, Ontario"
1641,DrToddWo,"Pittsburgh, PA"
1642,Arazi_1,
1643,pemdoc,Houston
1644,Lynnie1004,"Illinois, USA"
1645,SpoilsToVictor,"Silver Spring, MD"
1646,wontan1,
1647,emMVP_,773
1648,Phrozensolid06,Alabama
1649,minimalminute,United States
1650,JeremiahMagier,"Evanston, IL"
1651,RebelliousVal,"Chicago, IL"
1652,marthaalee1,"Ju√°rez, Chihuahua"
1653,AdolphoGordo1,"Sao Paulo, Brasil"
1654,chicagotribune,"Chicago, IL"
1655,rehana_one,
1656,MelanieJFarkas,"Columbus, OH"
1657,KLRodgers3,
1658,lynn_bahta,Minnesota
1659,NautilusCarly,"San Diego, CA, USA, Earth"
1660,Mommarazza,Indiana
1661,doctorstanley,Kansas City
1662,uncleardegree,"Iron Mountain, Mi"
1663,SwamyGeeta,"North Carolina, USA"
1664,06Hogg,
1665,GinaThereal,"Florida, USA"
1666,Jr88503261,"Louisiana, USA "
1667,KAG4All,United States
1668,TM_Loftus,"Chicago, IL"
1669,OReganNiamh,
1670,NursesWhoVax,New York
1671,angrynationalis,
1672,Medicare65Inc,Wisconsin
1673,donmgreen,#PNW
1674,TurkistaniSafaa,
1675,delawareonline,"Wilmington, Delaware"
1676,DaisyNightser,
1677,DorchesterNorth,
1678,Jonesls,"Columbus, OH"
1679,shezamegadun1,"Brazil, IN"
1680,def732dan,NEW JERSEY
1681,meganl612,"Carbondale, IL"
1682,Unataraj15,
1683,rkwas1,Earth
1684,LouellaRocks,Manchester
1685,malmakadi,McMaster University
1686,HindRafei,"Houston, TX"
1687,keeperbookshelf,"Pittsburgh, PA"
1688,DeputyHottle,"Staunton, VA"
1689,IMWHorvitz,"Moorestown, NJ"
1690,baerbelsmile,US
1691,romeerizwan,"Boston, MA"
1692,DrTanyaRossi,"Guelph, Ontario"
1693,vivienne_lester,"Wairarapa,, New Zealand"
1694,InfectDisNews,"Thorofare, NJ"
1695,ReneeKaeAdams,OH USA
1696,withspin,DC suburb
1697,MYKIDSDOCTOR,GEORGIA
1698,realslimsheyla,"San Antonio, TX"
1699,NorthAndoverHS,"North Andover, MA"
1700,EdenLake,Amsterdam London Chicago NYC L.A.
1701,xileenie,
1702,Amy_Finan,"Washington, DC"
1703,HumanVacProject,"New York, NY"
1704,heatherswifty,"Ithaca, New York"
1705,iPractitioner,"Portland, ME"
1706,KaneCoHealth,"Aurora, Illinois"
1707,paedsem,"Brisbane, Australia"
1708,MinnieSkeptic,"Minneapolis, MN"
1709,lizl_genealogy,Boston[now in the Netherlands]
1710,life100yearsago,New Zealand
1711,AkWeeklyNews,New Zealand
1712,TrexPushups,
1713,pccm_doc,"Cincinnati, OH"
1714,WesternOrtho,United States
1715,doc2dubai,"Texas, USA"
1716,GuzmanQCarlos,
1717,wloop4,
1718,LeEllonMartin,
1719,AmerMedicalAssn,Chicago/Washington D.C.
1720,suzie_x15,"New York, USA"
1721,dradianaperales,"Le√≥n, Gto. M√©xico"
1722,DrBGellin,"Washington, DC"
1723,PURECompRx,"Myrtle Beach, SC"
1724,H_H_H_Living,
1725,CATHancock,
1726,lj_tan,"Chicago, IL"
1727,War_On_Estrogen,
1728,Stonekeeper3,
1729,SanofiUS,"Bridgewater, NJ"
1730,Linds_E_Parker,"Sioux City, Iowa"
1731,OSUEMEdu,"Columbus, OH"
1732,SDBreastfeeding,San Diego
1733,apemke,"Florida, USA"
1734,eva_wisner,
1735,queridapatricia,Brooklyn
1736,Desba,"√úT: 42.37647,-72.500498"
1737,mathematista,"Memphis, TN"
1738,azizomar2200,riyadh 
1739,ahabwe_pharma,Kampala
1740,ZlatinaTileva,Toronto
1741,sabinvaccine,"Washington, DC"
1742,Fundacao_Gratas,S√£o Lu√≠s-MA/Toronto-ON
1743,DLWilsonsWorld,"Atlanta, GA"
1744,kndyradio,"Marysville, Kansas"
1745,Antitheistaday,
1746,ClaudiaLois7,"County Galway, Ireland"
1747,BlakeCirks,"Gaithersburg, MD"
1748,dragnesdc,"Valencia, PA"
1749,ro_collins,Galway * Oslo * Worldwide
1750,SeemaJJIC,"New York, New Jersey"
1751,mercola,"Chicago, IL"
1752,PawsU,Central Wisconsin
1753,GkamelMD,"St Louis, MO"
1754,CDCasthma,United States
1755,Jess_DiPalma,north tonawanda
1756,VintagePasta,United States
1757,nicolajayneh,"East Midlands, England"
1758,ColleenHuberNMD,"Tempe, AZ"
1759,SariaOtani,Copenhagen
1760,arynpeters,"Decatur, IL"
1761,beasonsaver,"Grand Blanc, MI"
1762,EsqJeanne,"Boca Raton, FL"
1763,PEMTweets,"Cincinnati, OH"
1764,EvidenceRobot,"Belfast, Northern Ireland"
1765,EBmedicine,"Norcross, GA"
1766,SMART_MD,United States
1767,AwzRocks,"Neosho, MO"
1768,ArSeeTea,USA
1769,demitrariel,Kokomo
1770,ClaytonRobins,"Rivers, Manitoba, Canada"
1771,BlondeScientist,
1772,CDCFlu,"Atlanta, GA"
1773,KymmBallard,North Carolina
1774,bcbssc,"South Carolina, USA"
1775,HVWilliamsburg,"Lincoln, NE"
1776,Tiger_Medical,"Irvington, NJ"
1777,MANA_Clinics,Northwest Arkansas
1778,hannahmartinn,"Ottawa, Ontario"
1779,frankie0891,"Caguas, Puerto Rico"
1780,mooncindylu,Central USA
1781,TeedRebecca,"Dayton, OH"
1782,ThisMomHCN,
1783,soniatid2,"Salt Lake City, UT"
1784,robertamarkey,Donaghmoyne Co Monaghan
1785,CTPharmacists,"Rocky Hill, CT"
1786,madejaaaa,"Urbandale, IA"
1787,osu2001,Kansas
1788,steveathanas,"Massachusetts, USA"
1789,jenmariewallace,"Chicago, IL"
1790,ImmunizedotCa,Canada
1791,BrendaEarles,
1792,microRNApro,Northern Georgia
1793,lmadoff,"Boston, USA"
1794,geronsociety,"Washington, DC"
1795,IamOneFitBody,NYC
1796,AmyO122,"Utah, USA"
1797,NIAIDNews,"Bethesda, MD"
1798,narwulandari,Indonesia
1799,BioAndBaseball,"Baltimore, MD"
1800,ShaneBrogan9,"Salt Lake City, UT"
1801,DrMilks,"Bloomington, Indiana"
1802,Chronicwatch,"Marietta, GA"
1803,RepSanfelippo,"New Berlin, WI"
1804,CompareEurope,Denmark
1805,jenstec13,"Washington, MI"
1806,drkdhoffman,US
1807,DreamsRestless,
1808,MarysvilleKsUSD,"Marysville, Kansas"
1809,HSEImm,"Dublin City, Ireland"
1810,SerafinaRising,"New Jersey, USA"
1811,ChristaODell7,
1812,anniebelle7,
1813,viracoreurofins,"Lee's Summit, MO"
1814,drram0503,"London, England"
1815,_nikkilyons,"New York, NY"
1816,cjUCocean,"731 Highway 35 Ocean, NJ 07712"
1817,NrsHolly,"Texas, USA"
1818,DHSWI,"Wisconsin, USA"
1819,NelsonAmiee,
1820,JMurphy10899283,
1821,LickingHealth,"Newark, Ohio"
1822,TownMonroeCT,"Connecticut, USA"
1823,kellybperry,
1824,nativememphi13,USA
1825,sazhempath,"Toronto, Ontario"
1826,AlertDefib,"Limerick, Ireland"
1827,MlleDeFloride,"Calhoun, GA"
1828,jenny92dn,"Baltimore, MD"
1829,GraceCordovano,"West Caldwell, NJ"
1830,SCIHedgehog,in a desert
1831,MavenOfMayhem,"Ottawa, Canada"
1832,HSELive,Ireland
1833,hpscireland,"Dublin, Ireland"
1834,jkimballcook,"Rochester, NY"
1835,LiuLab4Virology,"University of Arkansas, USA"
1836,APHL,"Silver Spring, MD"
1837,OhChelseaXO,"St Clair Shores, MI"
1838,CenturyLLC,"Greensboro, NC"
1839,marklewismd,"Murray, UT"
1840,drjewilliams,"Sarasota, FL"
1841,ismeganokay,Milwaukee
1842,OrganicLiveFood,US
1843,beverly63801925,"Ahoskie, NC"
1844,TheRealNikkiC,"Michigan, USA"
1845,Soldout100,"Whitehall, MI"
1846,ezbirth,"Rochester, MI"
1847,_savannah2521,Denver
1848,sickweather,United States
1849,debrand10,
1850,45HammerTime,
1851,LilyLebrun7,
1852,MedFreedomMom1,
1853,DannyGeorge54,"Ottawa, Ontario, Canada"
1854,PAFPandF,"Harrisburg, PA"
1855,MgsideWellness,"Sioux City, IA"
1856,taybridge,"Ottawa, Canada"
1857,JustinCollierMD,"Nashville, TN Area"
1858,AFHSBPAGE,"Falls Church, VA"
1859,ThoroughWiz,"New York, USA"
1860,cimesalvador,san salvador
1861,ASHPOfficial,"Bethesda, Maryland"
1862,Anon_helpMAGA,United States
1863,jmostrow,Minneapolis
1864,SchurginT,
1865,Jaylyn888,
1866,StoneLoc5pm,"North Brunswick, NJ"
1867,Jenn_Caroll,United States
1868,BKBMD,
1869,LCCoolePhotos,"Oakland County, Mi"
1870,Jamalceja,
1871,kim_wildes,"Appleton, WI"
1872,PoncaWarrior,"Winfield, KS"
1873,CatzCatems,"Virginia, USA"
1874,veganboyscout,"Kansas City, USA"
1875,MJBurkMD,"Indianapolis, IN"
1876,bethanyboring,"Palm Bay, FL."
1877,FreedomVax,
1878,DocRock54,
1879,Needham_Health,"Needham,  MA"
1880,csenhorbonfim,Feira de Santana 
1881,rossmcalister,"Glasgow, Scotland"
1882,sam_manna3,"Melbourne, Australia"
1883,CorreneOkieffe,Trinidad
1884,nvrlucdireland,
1885,medsengage,Canada
1886,GildaTachedjian,"Melbourne, Australia"
1887,VikChatterjee,"Olympus Mons, Mars. "
1888,ailsa_graham,
1889,matt_padd,Ireland
1890,BioMed_21,Worldwide
1891,JJ_Angelus,Singapore
1892,MGartner1994,"Melbourne, Victoria"
1893,AusVirologySoc,Australia
1894,PerpetuaAnne,
1895,AHalcali,
1896,SaludHEALTHinfo,SAN DIEGO
1897,THETITANKING,Behind you...
1898,erinwert,behind you.
1899,H7N9Influenza,"Eastbourne, England"
1900,AndreABE01,SOLO D I O S BASTA üõê
1901,MolinariZuzek,
1902,RDNSMathur,NJ
1903,AnupriyaARaj,"San Francisco, CA"
1904,Anis_nurashikin,"Kuala Lumpur Federal Territory, Malaysia"
1905,Joseph_Lamps,"Champlin, MN"
1906,BDesampaio,
1907,jrit,"Portland, OR"
1908,DisneyLoeffler,
1909,drgrabiak,
1910,purrenrage,Alaska
1911,TheChainedMan,United States
1912,Supervivencia9,M√©xico
1913,William08640111,
1914,senyor_hilter,
1915,Bryan__Barnett,"Seattle, WA"
1916,DrBKshah1,"Ahmadabad City, India"
1917,CrazyPhish32,"St Joseph, MO"
1918,rnliana,
1919,mackenzie_62,
1920,mkwaldo,"Kansas City, MO"
1921,NotQDrennan,Tilted Towers 
1922,Allen1Roosevelt,
1923,gera_ehud,Italy
1924,Saskalid,"Puyallup, WA"
1925,Omoadegoke,Nigeria
1926,TheGenAboveMe,"Newburgh, IN"
1927,DianaRoughton,
1928,boniyuh,"Silver Spring, MD"
1929,CeCeTop,Midwest/USA
1930,floralpalette,"Auburn Hills, MI"
1931,ForeverFoppa,Colorado
1932,DurantJimmy,
1933,hamrickisms,"Washington, DC"
1934,PharmaOutlook,United States
1935,nitaweeta,In my Maxima
1936,LindquistSherri,
1937,Antwayne5,
1938,_ahsanR,
1939,claudiamedic,Indiana
1940,JulieMDPanneton,
1941,glenpyle,University of Guelph
1942,bradmorganstern,"Commack and Stony Brook, NY"
1943,teach_id,
1944,carolAH1962,Milledgeville Illinois
1945,harbari,"New York, USA"
1946,taylorrjessee,"Martinsville, IN"
1947,MichaelDavid80,"Philadelphia, PA"
1948,RNinja2021,"St Joseph, MO"
1949,mplunkitt22,"Indianapolis, IN"
1950,sportsblond,Minnesota
1951,DocJeffD,"Seattle, WA"
1952,mencardio,
1953,soukup3,
1954,bobsansevere,Minnesota
1955,Futbolphan,"Texas, USA"
1956,koenvdv666,
1957,abbipesola,"Minnesota, USA"
1958,peteharlan,"Columbus, OH"
1959,Hewett1Tim,"Rochester and Minneapolis, MN"
1960,AJSoley,"New Lenox, IL"
1961,SSMHealthSaints,"Oklahoma City, OK"
1962,Mama_Mandria,"Dayton, OH"
1963,MelissaSWarren,
1964,Awithonelison,New Jersey
1965,ErginbasEbru,"Barrington, RI"
1966,mkeller10,"Ankeny, Iowa"
1967,JustSayingTrump,Tarheel State
1968,tonkatimeDFS,
1969,AndrewJReeve,"Victoria, British Columbia"
1970,dwooley64,"Dayton, Ohio"
1971,marisur2000,
1972,BlueApple500816,
1973,kmzscu,
1974,SarahsCunning,"Maine, USA"
1975,gpettey,Cleveland
1976,mission2heal,US
1977,putonahat,
1978,asimpleplan1,"Calgary, Alberta"
1979,Slowitdownckd,AZ.
1980,NaomiGa93156513,United States
1981,CirugiaSeguraPN,Piedras Negras Coahuila M√©xico
1982,kaan_0129,"Manila, Philippines"
1983,nyjetsgreen47,United States
1984,igncioruiz,"Mexico, D.F."
1985,Markman0922,"California, USA"
1986,PubMedTrending,United States
1987,grandma_hockey,canada
1988,MayoClinic,"Minnesota, Florida, Arizona"
1989,HeartThrobMel,
1990,PolitikMasFina,"Tennessee, USA"
1991,chetjackson22,
1992,vanhornNA,
1993,FedUp5thGenAmer,"New York City, NY"
1994,BLGSinYEG,Alberta
1995,kath2cats,San Francisco Bay Area
1996,kayleeisyounng,"Fishers, IN"
1997,PACTVGovtAccess,"Plymouth, MA"
1998,MsBJPeart,Charleston South Carolina USA
1999,JueRachel,
2000,KODEnews,"Joplin, MO"
2001,KSNLocalNews,"Joplin, MO"
2002,Beingchris,"Pennsylvania, USA"
2003,wannemachaa,"Montclair, NJ"
2004,d_llanten,Santiago Metropolitan Region
2005,amadams4,STL-MHK
2006,cchwyo,"Gillette, WY"
2007,RexArcherMD,"Kansas City, MO"
2008,SMorenoQuimbay,Medell√≠n
2009,SCCHealth,"St. Charles, MO"
2010,LipicaShah,New York City
2011,Science_George,"Pittsburgh (aka ""Iceburgh""),PA"
2012,BrianSheehy,"Methuen, MA"
2013,ushahmd,"Houston, TX (and well beyond)"
2014,MRAN_Wisconsin,
2015,CavalierInc,"Norfolk, Virginia"
2016,jwilliamsROOS,"Farmington, MO"
2017,dcokonta,
2018,jordyn_zdrazil,
2019,s88482501,
2020,EllynMulcahy,"Manhattan, Kansas"
2021,MADMAX2B2,"Pueblo, CO"
2022,wadebaksh,Toronto
2023,AshNichole14,Nebraska
2024,MadyHadyShady,
2025,kmbc,"Kansas City, MO"
2026,OlgaQuiben,Madrid
2027,BrianKMBC,"Kansas City, MO"
2028,EcnoTheNeato,Delaware-ish
2029,elizKCMO,"Kansas City, MO"
2030,KCMOHealthDept,"Kansas City, Mo."
2031,angspenc,st. louis area
2032,GuidelineCent,"Lake Mary, FL"
2033,norwoodHD,"Norwood, MA"
2034,BMXCARD,
2035,CrinklyConnor96,"Kansas, USA"
2036,kathyfergusonar,"Edwards, CO"
2037,MCBazacoPhD,"Washington, DC"
2038,OhhhLulu,"Orillia, Ontario"
2039,disgruntled_med,
2040,LeoUzych,"Wallingford, PA"
2041,GanjasmokerCb,"Home, Denmark"
2042,Importantnotimp,Earth
2043,Maryk19,"Downpatrick, Ireland"
2044,RNRoosevelt,"Farmington, MO"
2045,DelthiaRicks,New York
2046,ajhuna_matata,"Tennessee, USA"
2047,tworavensbrew,"Newark, DE"
2048,MedicalCollege,"Milwaukee, Wisconsin"
2049,djeclipseBBE,"Lansing, MI"
2050,rogerb621,"Midland, MI"
2051,RGEM82,"Santiago, Chile"
2052,MagsTweets2,First State
2053,Zombifiedspade,"South Dakota, USA"
2054,CDCEnvironment,cdc.gov/nceh & atsdr.cdc.gov
2055,hannahzbananazx,United States
2056,CClinicJournal,United States
2057,aIphadave,
2058,KMALB99,
2059,BenjaminHCCarr,New York
2060,gforbes,
2061,kaitlinefree,"Ohio, USA"
2062,fotocoyotl,United States
2063,TheIrishField,Ireland
2064,Michele1439,"River Falls, WI"
2065,Pedro_ABPereira,"Helsinki, Finland."
2066,ctffox,"California, USA"
2067,swickangela,"Tipton, IA"
2068,Steve_Newton,"Texas, USA"
2069,nwherald,"Crystal Lake, IL"
2070,MarcoAR05,
2071,SelinaTA_97,
2072,BekeAbe,üåè
2073,OnceIPondered,USA
2074,BaunRachelle,
2075,CDC_eHealth,"Atlanta, GA"
2076,JGordonBramer,"St. Louis, MO"
2077,Photog_JohnB,Denver
2078,TigerVisionCHS,"Carroll, IA"
2079,AutisticShill,"Winnipeg, Manitoba"
2080,R_Denhollander,"Louisville, KY"
2081,Campbellms,"Arkansas, USA"
2082,bunmzi,Toronto Canada
2083,BoleyDannielle,"Fort Scott, KS"
2084,_APCI,"Bessemer, AL"
2085,KristiePCRM,
2086,MMCAP_Online,Minnesota
2087,RichardRSmithJr,Midwest
2088,NaomiFrances1,United States
2089,prchovanec,"New York, NY"
2090,NabiDDS,Harvard University
2091,ALSantos_PhD,"Paris, France"
2092,wyssinstitute,Harvard University
2093,JDjwhite54,"Toledo, Oh."
2094,BeachLove023,"Georgia, USA"
2095,AhearnTim,Florida
2096,Southwest_Texan,"Texas, USA"
2097,magicpillsmovie,"Toronto, Ontario"
2098,NPHLab,"Omaha, NE"
2099,CMSCompliance,New York
2100,PublicHealthUMN,Minnesota
2101,mamahartigan,"Boston, MA"
2102,Writerchk,
2103,OPDenverCO,"Denver, CO"
2104,Change_HC,"Nashville, TN"
2105,Babydok123,
2106,SMorain,
2107,100AndOnward,"Minneapolis, MN"
2108,merrrd,"Richmond, KY"
2109,coldQ1,Canada
2110,med_and_more,
2111,sawilkus,New Jersey
2112,cyprus_reporter,Cyprus
2113,grbusinaro,
2114,Moments_Canada,Canada
2115,NowUrgent,"Rockville, MD"
2116,LungDocDoug,"Ann Arbor, MI"
2117,mpanhwar92,"Cleveland, OH"
2118,alisonlaflan,"Omaha, NE"
2119,pattynece,"Virginia, USA"
2120,CardiologyToday,"Thorofare, NJ"
2121,Susankoruc,"Raleigh, NC"
2122,JohannaKristn7,"Massapequa, NY"
2123,petrakle,
2124,DrBHerndonHayes,"Columbus, OH"
2125,nubiaredondo,venezuela valencia
2126,WSRWRadio,"Hillsboro, OH"
2127,ShadyoFayx11,"Minnesota, USA"
2128,jasonworldwar,Nottingham
2129,Chris_Camp6ell,
2130,kwhalenrn,"Pensburgh, Pennsylvania"
2131,ShariShea23,"Baltimore, MD"
2132,SnoofyPony,Between Kate Bush & Pink Floyd
2133,nissen_l,"Brisbane, Queensland"
2134,Symmentera,Iowa City
2135,yllalnaes,"North America, Earth"
2136,sparklymegz,Roanoke VA
2137,MeghanFuschino,
2138,filiamd,"Rome, Italy"
2139,huffedanpuffed,london town