"","name","location"
"1","jonathanwtea","Shark River Hills, NJ"
"2","Aim911","Greenwood, IN"
"3","ATLHawks_Talk","Atlanta, GA"
"4","rhotwire","Montrose, CO"
"5","brianlong","Boulder, CO"
"6","agargmd","Chicago, IL"
"7","Ivisi","Orlando, FL"
"8","lizzynjay","East Bay"
"9","newslarts","New York, NY"
"10","HannahHusmann","Columbia, MO"
"11","PurpleKhaos"," Mayo"
"12","bytekast","Boulder, CO"
"13","BIOCIENCIA2013","Cumaná"
"14","orlovnord2","New York, USA"
"15","IamHRodriques","Atlanta GA "
"16","FarmFairyCrafts","Oregon, USA"
"17","megdoyle","Trent Woods, NC"
"18","stahnma","Madison, WI"
"19","EHUNTER55","THE BURGH"
"20","Bravewriting","America"
"21","TrevorWhitehead","California, USA"
"22","editingemily","Denver, CO"
"23","IBspiders","Concord, NC, USA"
"24","The_Beltsander","ireland"
"25","healthknots","Charlotte NC"
"26","beachbum04064","Maine, USA"
"27","MillerMathTeach","Texas, USA"
"28","penguins630","Naperville, IL"
"29","lexiepena1","New Bedford, MA"
"30","mikhailsam7tp","United States"
"31","NenadMikovic773","Chicago, IL"
"32","senchristian4","Naperville, IL"
"33","Chinchillazllla","Kentucky"
"34","rileyyhangerr","Ohio, USA"
"35","MaryBeyea","Ontario, Canada"
"36","kkmassiatte","Obetz, OH"
"37","kelsiehudgens","texas"
"38","vesaldi","Chicago IL"
"39","AleshiaNicole","Philadelphia , PA"
"40","Can_Skeptic_Wm","Windsor, Ontario Canada"
"41","amomlessmom","Canada"
"42","coffeepleaseRN","Earth"
"43","ambettano","Boston, MA"
"44","KarlChristian","Denver, CO"
"45","Patty_Fingers","Orem, UT"
"46","jshepp121","Knoxville, TN"
"47","wtaptelevision","Parkersburg, WV"
"48","msmingelsmusic","Cumberland, RI"
"49","AruniKashyap","Athens, GA"
"50","Julietree5","Anderson, SC"
"51","ridandelous","Boone, NC"
"52","MalaikaAdero","New York City, Atlanta"
"53","delshaffer","Charleston, SC"
"54","tylmel","Starkville, MS"
"55","thaofficialtati","New York, NY"
"56","laibaixx","Oklahoma City, OK"
"57","termalmusic","United States"
"58","shibabeenu","Fall River, MA"
"59","AntigoDJ","Antigo, WI"
"60","ViraBurnayeva","NoVA, USA"
"61","juliekiel","Owatonna, Minnesota"
"62","kbrigham78",""
"63","morgangrace23","Tulsa, OK"
"64","StuCowan1","Montreal"
"65","sw1ssmystery","Charlottesville, VA"
"66","cyborgQT","Louisiana "
"67","SaigeLovell","Boston, MA"
"68","MaerynObley","Philadelphia"
"69","DRTSN690","Montreal"
"70","Ade_Shazza","Washington DC"
"71","alwayssawyer","Australia"
"72","DevanRoeOG","Dayton, OH"
"73","rigotordoc","Caracas, Venezuela"
"74","MangoQuueen","United States"
"75","adam_dill","Elgin, IL"
"76","95bravo1994","California, USA"
"77","TakeThatCDC","Atlanta, GA"
"78","Hannahf73943122","Miami "
"79","DskoHicks","Georgia, USA"
"80","MoNiq_DoMiniq","Newport News, VA"
"81","HannnahhSheeetz","Maryland, USA"
"82","emociional82","Ohio, USA"
"83","Brranday","California"
"84","ThriveFit","Springfield, MO"
"85","xoxokshirelle","North Carolina, USA"
"86","vibe_flu",""
"87","MsSparrow23","Denver, CO "
"88","Flu_Wizzle","Lakeland , FL"
"89","bruber_j","NC"
"90","johnpopevil","Georgia, USA"
"91","br_myers","Halifax, Canada"
"92","TheRayvanman","Idaho, USA"
"93","Winningwillie","Connecticut"
"94","Mateojankovich","United States"
"95","Local__Luke","Earth"
"96","WxOneNews","Charlotte, NC"
"97","Koboxer2380","Maine, USA"
"98","khuangedu","New Jersey"
"99","DocOlmstead","Apopka"
"100","RetiremntWisdom","Princeton"
"101","mahummm_","m
"
"102","gunplagyaru","United States"
"103","roport","New York "
"104","JackieeOH_","Georgia "
"105","SethRudetsky","New York City"
"106","carrissa_j","Barbados"
"107","danegolf1960","St. Catharines, Ontario"
"108","AngieStar78","Ledyard, CT"
"109","AsiaChloeBrown","Washington, DC"
"110","Blau_Rascon","Pennsylvania, USA"
"111","HippyGranny2","United States"
"112","egcharismolling","Boston, MA"
"113","bposhea","Atlanta, Ga"
"114","ElementCare","Massachusetts, USA"
"115","myDocUrgentCare","Philadelphia, PA"
"116","ShitBrick34","in the pit"
"117","hokieprorichie","Blacksburg, VA "
"118","X_A_Y","Akron, OH"
"119","LotLotLotAmber","Kentucky"
"120","Nick28T","Canada"
"121","CristyDwyer","New York, NY"
"122","hollynicole_16","United States"
"123","sweetsteph09","California"
"124","sarcasimandsass","Texas, USA"
"125","YuYuisblack","Ontario, Canada"
"126","momztweet","North Carolina"
"127","probopassed","Maryland, USA"
"128","stevekemple_inc","Cincinnati, OH"
"129","Lurpee","ATL"
"130","sadbullsfan","Chicago, IL"
"131","mandy_hawks","Atlanta Ga"
"132","kylieann6797","Conway, AR"
"133","stoicfroggaming","Canada"
"134","TapanuiFlu","New Zealand"
"135","kayy_Garcia","Arlington, VA "
"136","Lyrikris10","Brooklyn, NY"
"137","V_V_G","Minneapolis, MN"
"138","Ev0cativeArt","strawberry fields "
"139","itsjusmeKarleen","New Jersey, USA"
"140","joshyboyo95","Probably in the kitchen"
"141","slime_Flu_","Washington Heights, New York"
"142","lexismore_xo","North Carolina, USA"
"143","alliehansen19",""
"144","40Cal1704","NE DC"
"145","UnitedStatesOfQ","Norwalk, CT"
"146","onIyshaIIow","indianapolis"
"147","FayCortez","Minneapolis"
"148","suntimes_hoops","Chicago"
"149","irishthedog","Florida"
"150","AlexK245","Minnesota"
"151","claireinspace","New York, NY"
"152","KristinReins","TEXAS"
"153","HLfromHell","Arkansas, USA"
"154","Stunner67"," Ohio"
"155","walidmrealtor","Charlotte, NC"
"156","jwade777","miami,fl"
"157","BullScripted","Chicago, IL"
"158","ActionNewsJax","Jacksonville, Florida"
"159","MrsLopez1981","Scott, AR"
"160","Nathhjones",""
"161","gracee_hipster","Texas, USA"
"162","rhiiiii__","Ohio"
"163","beccahathaway42","Ankeny, IA"
"164","ACY1","Texas, USA"
"165","alan_whitcomb","Illinois, USA"
"166","WPBF25News","West Palm Beach, FL"
"167","WLKY","Louisville, KY"
"168","GamerDadTV","Canada"
"169","LawngIsland","Long Island, NY"
"170","its_ameericle","Charlotte, NC"
"171","YautjaMayne","Georgia, USA"
"172","LNKhealth","Lincoln, NE"
"173","daveschroeder","Madison, WI"
"174","jennaANjax","Jacksonville, FL"
"175","misapo_1","Minnesota, USA"
"176","SamiDan19","Milwaukee, WI"
"177","Stephanie61593","New Jersey"
"178","AdaBrownell","Missouri, USA"
"179","KYWNewsradio","Philadelphia, Pa.  USA"
"180","RachaelButera","Pittsburgh, PA"
"181","wdeadfan_","St Louis, MO"
"182","danielvincent","Louisiana, USA"
"183","UrbanSpaceMan64","Earth "
"184","jponder94","ÜT: 38.480729,-90.392094"
"185","DouglasCatlin","Georgia, USA"
"186","hilarydufflpuff","Louisville, KY"
"187","devvydarling","Georgia, US. "
"188","buz_world","Canada"
"189","bethlinas","Washington, DC"
"190","CIDRAP","Minneapolis, MN"
"191","DrJohnTorres","NYC"
"192","abigailduran_12","New Mexico, USA"
"193","aleshasmith229","New York City"
"194","idfc1260","Nashville, TN"
"195","BambieShep","Wisconsin, USA"
"196","KaraPaints","Tinley Park, IL"
"197","lancekbooth","New York, NY"
"198","Sonny_Zay32","Cloud City"
"199","WOWT6News","Omaha, Nebraska"
"200","FelixTorchHold","Georgia, USA"
"201","HeathBarMiller","Liberty, Mo"
"202","SageSecret","louisiana"
"203","SRS7BTS","Texas, USA"
"204","famfightflu","Arlington, VA"
"205","nealcobb67","United States"
"206","MountSinaiNYC","New York, NY"
"207","Gee_Roc","On My Way To The Top"
"208","HotpageNews","Boston"
"209","Hotpage_News","United States"
"210","kait_lin85","London, Ontario"
"211","Palestixian",""
"212","JOCOHealth","Olathe, KS"
"213","Ginger_Snap_11","Texas, USA"
"214","kirkyeehee","Canada"
"215","Frick35","Lexington, SC"
"216","CDCFlu","Atlanta, GA"
"217","rejaifar","Switzerland"
"218","MyCharterLIFE","California, USA"
"219","UPMC_Pinnacle","Harrisburg, PA"
"220","alemxorrow","Arkansas, USA"
"221","djh881","Rochester, NY"
"222","gypsyof7","Philadelphia"
"223","UTKDailyBeacon","Knoxville, Tennessee"
"224","Lo_Zanzi","Boston, MA"
"225","technosucks","Canton, OH"
"226","healthfoodat","United States"
"227","sunni2967","Charlotte, NC"
"228","mirogeorgiev97","Stone Mountain, GA"
"229","stellahubbard18","Manhattan, NY"
"230","YogaBear","USA"
"231","kylee_grant","Oklahoma City, OK"
"232","_Wendy_L_","London ON - CANADA"
"233","DrMarcoMtz","Quintana Roo, México"
"234","RoaStudios","Columbus, OH"
"235","ladyjacquelyne","Jamaica, West Indies"
"236","Totallysamsays","NEW YORK CITY"
"237","PhyllisBaker89","New York, USA"
"238","GalenMarek79","Somewhere in Kentucky"
"239","healthystartgo","United States"
"240","stragapo","New Jersey, USA"
"241","avi_weisfogel","Old Bridge, NJ"
"242","healthnewsmore","United States"
"243","LysistrataGOP","Texas, USA"
"244","quadcapable","DeLand, FL"
"245","_AmberSkyes_","Philadelphia, PA"
"246","TheJamieGlick","New York, NY"
"247","bboutiquesfl","Parkland, FL"
"248","DrZahwa","DC Metro, US"
"249","SkinnyTrevor","Half Way Between Joy & Dispair"
"250","PublicHealthRTs","United States"
"251","writerjobsworld","New York, USA"
"252","DrWaldoAyurveda","South Florida"
"253","spexfox","Washington"
"254","_ItsCalebHoe","Georgia, USA"
"255","TheOrganicBay","New York City"
"256","samturpin","Davie, FL"
"257","nlptrainingja","Jamaica"
"258","RLChicks","Florida, USA"
"259","ElloDahling","Kansas "
"260","mandymajors","Texas, USA"
"261","EdGarnerAR","Maumelle, Arkansas, USA"
"262","ChiGastronome","Chicago "
"263","AdeUSAGreenLib","United States"
"264","ImLiterallyLily","fort collins, co"
"265","earle_ella","United States"
"266","HeyWillson","In the æther"
"267","Cosmic_Qveen",""
"268","CraigWeissenbe1","Michigan City, IN"
"269","BookDel","Delaware, USA"
"270","dredogs1","Granville, OH"
"271","Madi_Rexwinkle","towanda"
"272","EmilyDillon10","Murfreesboro, TN"
"273","betafish","Canada"
"274","_AndrewSchmidt","Atlanta, GA"
"275","TimPascoe","Hampshire"
"276","francescosz","Bryant"
"277","NYTHealth","New York, NY"
"278","NYTScience","New York, NY"
"279","JoanneColombo","The Big Apple"
"280","Mikehomeseller","Maryland, USA"
"281","mandahadi","Toronto, ON"
"282","_davidkmann","Cary, NC"
"283","Porcelain_8","Boston, MA"
"284","christianahhhhh","Athens, OH"
"285","xanderberkeley","Maine "
"286","donismommy__","Pennsylvania, USA"
"287","ellenblogs","Vermont"
"288","sherrycarter31","McRae AR"
"289","Made_In_Japan76","Texas, USA"
"290","EchoicArt","Delaware, USA"
"291","LouisLeoIV","United States"
"292","MissizzC","Canada"
"293","Joeykrunk2010","NYC"
"294","Embalmist","Nashville, TN"
"295","nick_rothschild","Colorado Springs, CO"
"296","TargetMrkting","Hershey, PA"
"297","Luleka_L","Earth"
"298","RawBMD","Brooklyn, NY"
"299","Bighodagxl","Maine, USA"
"300","bestnewsicu","United States<U+0001F1FA><U+0001F1F8>"
"301","CPHO_Canada","Canada"
"302","Chenzomontana","North Carolina, USA"
"303","kartwonz","Jackson, MI"
"304","kuriousmind93","United States"
"305","strawborra","Canada"
"306","norasu79","Fort Collins, Colorado, USA"
"307","drosematos","Connecticut, USA"
"308","veee_ma","New York"
"309","Unknownfear","Manhattan, NY"
"310","ashlantaa","Tennessee"
"311","SandraNelson8","Canada"
"312","erinnrondo","401"
"313","laurenthagreat",""
"314","JustCallMe_PJ","Brooklyn, NY"
"315","FreeRxSaver","USA"
"316","StanleyECook","Athens, Al 35611"
"317","PreAnnoyed","Western USA"
"318","Horton361","Eastern NC"
"319","FRMC_Hospital","Sandusky, OH"
"320","audreysl0ve","Maryland, USA"
"321","emcardin","the first purge film location"
"322","Jalenx2xWiLD","United States"
"323","TootieIB","Texas, USA"
"324","KaylaAndersonTV","Nashville, TN"
"325","EhotloveAcosta","Tennessee, USA"
"326","_Sani901","Memphis, TN"
"327","OscilloUSA","Newtown Square, Pa."
"328","mike_lustgarten","Boston, MA"
"329","GlobalProTrader","Toronto, Ontario"
"330","8to5fitmom","North Carolina, USA"
"331","abtassociates","Cambridge, Massachusetts"
"332","namibycandy","Philadelphia, PA"
"333","4jinxremoving","Illinois, USA"
"334","risingchiron",""
"335","LisaLangebek","Kings Park, NY"
"336","StLouisMB","St. Louis Mo"
"337","DMEMEDS","Chicago, IL"
"338","HollidaysStache","Purgatory"
"339","JLParris","United States"
"340","spursfanjanie","Middle Earth"
"341","MomMummyMama","Canada"
"342","eggersdailynews","Bowling Green, KY"
"343","debiresistshate","United States"
"344","Rae_minjoonie","United States"
"345","emileily","New Jersey, USA"
"346","TaeARMYbumbun","United States"
"347","SiouxlandHealth","Sioux City, IA"
"348","Kward66666","Lake in the hills"
"349","StoverLab","Columbus, OH"
"350","homeprospering","New York, NY USA"
"351","SteeleErickson","America"
"352","Jbauguess11","Maryland"
"353","Mharding25","Pittston, PA"
"354","DAVIDDIFRANCES2","Mayfield Heights, OH"
"355","Hoop75740642","United States"
"356","heatherswifty","Ithaca, New York"
"357","NChardonnet","Saint Louis"
"358","salymo1234","Winston-Salem, NC"
"359","BurlcoTimes","Burlington County, NJ"
"360","camrondunn","Roanoke, VA"
"361","DallasBarnes420","New Bedford , Ma"
"362","mydocgarfieldnj","Garfield, NJ"
"363","2casey451","Vermont"
"364","SleepyProjecti1","Kentucky, USA"
"365","EmergencyNet","Chicago"
"366","Economy_Air_Aub","Auburn, AL"
"367","varussic","Pittsburgh, PA"
"368","Kingofcastles88","Rochester, NY"
"369","jimmysfla","Palm Beach County, FL"
"370","MelanieDeLen1","Kansas, USA"
"371","ChaunceyGardner","New York, NY"
"372","Liddy_jean13","St Louis, MO"
"373","tkradio","America"
"374","FiorellaEats","New York"
"375","agenericolyu","New Jersey, USA"
"376","tsteiner_","New York, NY"
"377","jdhlsc169","WV"
"378","Falexxx1","Texas"
"379","marissa_beckman","Michigan<U+27A1><U+FE0F>Maryland"
"380","myHealthPal","London & New York"
"381","JLD38e88","Charlotte, NC"
"382","Blitz_y","Columbus, OH"
"383","GinjaNinjaShow","Fairview, TN"
"384","JerryWVTM13","Birmingham, AL"
"385","MarcoTheMarine7","Boston, MA"
"386","CubeShield","USA"
"387","ReactsR","Cookeville, TN"
"388","carlyd41","Pittsburgh, PA"
"389","hellbillyJ79","PRINCETON,IN"
"390","ChiefChenry","New Zealand"
"391","shighanigga",""
"392","ProzacAndCurls","USA"
"393","nojokechildcare","Amherst, NY"
"394","OhioBot5000","Cleveland, OH"
"395","ApostolusDei","Louisiana, USA"
"396","snowbirdtbh","Chicago, IL"
"397","miarempala","Bloomingdale, IL"
"398","rosamyoung","Columbus, OH"
"399","marissadallow","Pittsburgh, PA"
"400","rebekahh0pe","Mars "
"401","naetaetwo","jersey"
"402","PIDSociety","Arlington, VA"
"403","_therealelrey","Greensboro, NC"
"404","Kristen_Howe","Cuyahoga Falls OH"
"405","rudebeetle","Minneapolis, MN"
"406","Cougardruid","Oregon"
"407","nr_sheff","Milford, CT"
"408","elevated_caro","Cleveland, OH"
"409","CBSDenver","Denver, Colorado"
"410","InCongressPark","Denver Colorado"
"411","999FMWTUZ","New Philadelphia, OH"
"412","BoironUSA","Newtown Square, Pa."
"413","ISDMsTaylor","Independence, MO"
"414","Tony23____","Omaha, NE"
"415","ChispaSpeaks_YT","Montréal, Québec"
"416","Rosserford","Rochester"
"417","MDedgePediatric","Rockville, MD"
"418","shaq_woodfork","Kentucky, USA"
"419","DavidRovella","New York"
"420","Alexringgaard","Denmark"
"421","JeffreysFoundat","Rock Hill, SC"
"422","newsalley","United States"
"423","BobJoswick","Broken Arrow, OK"
"424","Mimi32811665","california"
"425","Lackeyjk","Franklin, MA"
"426","JAGkentucky","Kentucky, USA"
"427","ddfairchild","Shawnee, Kansas"
"428","theayurvedaexp","United States"
"429","tcpcrobert","Lexington, KY"
"430","GSU_Research","Atlanta, Georgia USA"
"431","ruowenhuang","Canada"
"432","tedsensei","New Canaan, CT"
"433","SoleFoodKicks","Virginia Beach & Norfolk, Va"
"434","Adwoa_tk",""
"435","watergatesummer","nyc"
"436","emmavinch","Lincoln, NE"
"437","mandiee_james","Ottawa, Ontario "
"438","WLOS_13","Asheville, NC"
"439","Jeannie_Uphold","Ohiopyle, Pa"
"440","otomoco","USA"
"441","milfordlive","Milford, Delaware"
"442","HomeInstead307","Trumbull, CT"
"443","PennyZeller","Small Town, USA"
"444","GYMObrad","Louisville, KY"
"445","Evelynromero193","A haunted house"
"446","UFHealthNews","Gainesville, FL"
"447","eMBeeaitcH","Aiken, SC"
"448","BriceSikes","Statesboro, GA"
"449","thornley_tyler","Wilkesboro, NC"
"450","mandyschomas","Chicago"
"451","ValueDrugs","New York"
"452","Moochai7","Philadelphia, PA"
"453","LoriFrantz","United States"
"454","xolovecourtneyy","New York"
"455","omaresv","Texas, USA"
"456","AnonAlexTheGr8","Grand Rapids, MI"
"457","DrTracyFreeman","Chevy Chase, MD"
"458","gothcontrol","Saint Olaf"
"459","johnpaulwhite","Florence, AL"
"460","hangmanstrick","Hell, MI"
"461","ZeldaAGabriel","Alabama, United States"
"462","eoifleaf","Ireland"
"463","comewhatmegan","Greensboro, NC"
"464","gman2135",""
"465","ZerberusAru","Lancaster, SC"
"466","hannahratain","Chicago, IL"
"467","greenherband9mm","United States"
"468","Benefry","Montreal, Canada"
"469","TMakenzie","anadarko "
"470","TelemedLeaders","Washington, DC"
"471","andytalksart","Charlotte, NC"
"472","grimalkina","California"
"473","kenzie_no_mc","Minnesota"
"474","NHSPIndex","Washington, DC"
"475","YountLabOSU","Columbus, OH"
"476","odylics","Baltimore, MD"
"477","Mama20045","United States"
"478","RogueNatureGal","Earth"
"479","themohgovjm","Kingston, Jamaica"
"480","CoolingUltd","Reading, MA"
"481","ckk527","United States"
"482","MasterTrilogy","Somewhere in The USA"
"483","alicechambers15",""
"484","alleghenycms","Pittsburgh Pennsylvania"
"485","SKSKUNK52","Sandy, UT"
"486","LindsayPH","Montreal Canada"
"487","HelenBranswell","Boston, MA"
"488","twosportzach","Roanoke, VA"
"489","KETV","Omaha, Nebraska"
"490","unsaltysaltines","London, Ontario"
"491","anacoqui","Western NY"
"492","BarronNonnie","Pennsylvania, USA"
"493","WeatherBug","New York, NY"
"494","fisher1_ej","florida"
"495","Gorillavibe","Kissimmee, FL"
"496","HHSRegion7","Kansas City, Missouri"
"497","emmthom36","Centerville, OH"
"498","TI30years","USA"
"499","Ajasmine0715","Tennessee, USA"
"500","babyjocko","Atlanta"
"501","vanniillaaface","0001 Cemetery Ln. "
"502","LgFski","United States"
"503","Renovation_Tea","De Queen, AR"
"504","masslivenews","Massachusetts, USA"
"505","cpbooty","california"
"506","CorySanning","Knoxville, TN"
"507","its4ngelnichole","Toledo, OH"
"508","Itsjessss17","Washington, DC"
"509","007Pelcher","United States"
"510","talon_michelle","Stillwater, OK"
"511","sierrahjena","Georgia, USA"
"512","philgpbp","Connecticut, USA"
"513","faeyerlol","USA"
"514","databendr","Toronto, Ontario"
"515","RawlsMD","Wilmington, NC"
"516","sickweather","United States"
"517","csmythrun","Belfast, NI"
"518","mrs_didomenico","United States"
"519","mostlybree","Backwoods Alabama"
"520","patriciakime","Washington DC"
"521","Mari83425974","texas"
"522","ryeryej","Pocatello, ID"
"523","ChelsReyy","London, Ontario"
"524","WPLGLocal10","Miami, FL"
"525","kariusdx","California, USA"
"526","DeniOsborne","Canton, OH"
"527","younglovemommy","Florida, USA"
"528","JoshFann","Tennessee, USA"
"529","NCCSschools","Newton, NC"
"530","claudnmill","West Plains, MO"
"531","greatparks","Cincinnati, Ohio"
"532","ASHPOfficial","Bethesda, Maryland"
"533","Teetfernandz","Minnesota, USA"
"534","jakenelson1977","South Berwick, ME"
"535","LOUCTSI","Louisville, KY"
"536","The_Teau","West Sunbury, PA"
"537","Francoinss","Philadelphia, PA"
"538","christufton","Jamaica"
"539","RafaelTorresNBA","New Jersey, USA"
"540","Jeff_PD_center","Philadelphia, PA"
"541","HopeeNoel","dunder mifflin"
"542","jaimej40","Alpharetta, GA"
"543","mybedissocozy","texas"
"544","VikingRagnorok","Columbia, SC"
"545","WDEL","Wilmington, DE"
"546","KyleRosenblum","New Jersey, USA"
"547","LyndaNY","New York, USA"
"548","Vaxyourfam","United States"
"549","ewolfhope","Hickory, NC"
"550","MyGypsySouI","South Carolina, USA"
"551","gawlosh","Green Bay, WI"
"552","Omar_Baltazar24","The Moon "
"553","Tglowe76Tonya","Hyden, KY"
"554","Shippygem","Moon"
"555","V0KUE","Lexington, KY"
"556","StopTheLibCoup","Rocky Mountains"
"557","DevonsDaisy","Idaho, USA"
"558","USNewsHealth","Washington, D.C."
"559","preownedgnome","vegas"
"560","SoWavyKam","Earth "
"561","BenjaminWolfram","Washington, DC"
"562","shawanoschools","Shawano, WI"
"563","VUMChealth","Nashville, TN"
"564","NinInkling","New York & New Jersey USA"
"565","RoryPVO","Jamaica"
"566","_joymoment_","Boston, USA "
"567","MSLUnlimited","Rockville, MD"
"568","Absentie479","United States"
"569","WCHLChapelboro","Orange County, NC"
"570","snarkysyntax","Baltimore"
"571","PoetryAlive","Asheville, NC"
"572","okaybree_","Lexington, KY"
"573","blake_vonhagen","Knoxville, TN"
"574","duckm4st3r","Texas"
"575","JAustinCapps","Stillwater, OK - Dallas , TX"
"576","Heos_io","Canada"
"577","sahmoee","Detroit, MI"
"578","downwritemental","United States"
"579","MMNewzz","United States"
"580","JoinPatriotify","United States"
"581","wesrucker247","Knoxville, Tennessee"
"582","ItsShaemus","Canada"
"583","KatieNieves","Long Island, New York"
"584","shr3ktastic","Royal Oak, MI"
"585","MadisonCountyPH","London, OH"
"586","eaglesmcphan","Harrisburg, PA"
"587","Leikela4","Columbus, Ohio"
"588","atomic811","Albany NY"
"589","WV_DHHR","Charleston, WV"
"590","UCNetworkOmaha","Omaha, NE"
"591","CoraVanOlson","Yankton, SD"
"592","dmsauvageau","Waterville, ME"
"593","bmooney12341","fremont ohio "
"594","homelandprep","Washington, DC"
"595","copywriter62","Marion, Iowa"
"596","LegacyPremium","Salt Lake City"
"597","pugliesemd","Atlanta, GA"
"598","lizziec22","Columbia, Mo."
"599","yeshummingbird","Ponca City, OK"
"600","FakeEmpire6","Atlanta"
"601","TonyAndreMcQ","USA"
"602","AAPNews","Itasca, IL"
"603","FionaMoodie","Annapolis, Maryland"
"604","tha_Werd",""
"605","cherrytrish17","Ontario, Canada"
"606","CarlaOtiniano","Florida"
"607","Dragon__Flu","Noblesville, IN"
"608","rosereburn","Nashville Tn"
"609","RealChrisKocher","Binghamton, N.Y."
"610","ktivnews","Sioux City, IA"
"611","JoelCarlton1","Dunwoody, GA"
"612","NickBarnowski","Nashville, TN"
"613","nastystacface","Kentucky, USA"
"614","Pimp_CSGO","Denmark"
"615","SimplyMoeshia","Huntsville, AL"
"616","lettiie_","Denver, CO"
"617","jmjones","St Louis, MO"
"618","RotoWireNBA","Madison, WI"
"619","SollitaBonita","Denver, CO"
"620","Adhub2","Fort Collins, CO"
"621","medicinehelp","Atlanta,GA"
"622","JoanieOBrien8","Lansdale, PA"
"623","DrCorriel","Pearl River, NY"
"624","realceejayyy_","Hattiesburg, MS "
"625","SelionMS","Springfield, MA"
"626","DKTaylorLane","North Carolina, USA"
"627","sumi4prez","Boston, MA"
"628","kohiyote","Boston, MA"
"629","j_moore30","Antigo, WI"
"630","ShellieYorke","United States"
"631","KTsimcik","Winchestertonfieldville, Iowa"
"632","PatriciaAhern","Chicago"
"633","AlanSilverberg","Hollywood, FL"
"634","milk_dab","Omaha, NE"
"635","ShinobiStrikers","Chance"
"636","BarcyCordrey","Ohio, USA"
"637","BgTraveling","Denver, CO"
"638","Adrayis","Ontario, Canada"
"639","APSPharmacyFL","Palm Harbor, FL"
"640","audinco","Colorado Springs"
"641","wepapinchos","Rhode Island, USA"
"642","BebeLuxHP","New Jersey, USA"
"643","gorecycleyrslf","USA"
"644","wibw","Kansas"
"645","WBRCnews","Birmingham, AL"
"646","EasterdayDarren","Kansas City, MO"
"647","missvalentiine_","Montréal, Québec"
"648","__SteffFloss","330"
"649","ensyclopedia","Australia"
"650","Walgreens","Chicago, IL"
"651","xolexieox","NJ"
"652","agd1717","Tulsa, OK"
"653","whitemom4jesus","California, USA"
"654","twyonmonroe","Chicago, IL"
"655","clkilgour","Toronto"
"656","Coach_alesha","Saint Augustine, FL"
"657","peterjgallagher","Orillia, Ontario Canada"
"658","AnsarKhanMLive","Detroit, MI"
"659","YesICan64588198","Etats-Unis"
"660","DianeStopyra","Cape May, NJ"
"661","OneMoviePunch","California, USA"
"662","crinklywolfpup","Staunton, VA"
"663","mrs_spight","Independence, MO"
"664","lovvvr","Fort Collins, CO"
"665","raineser","Washington, DC"
"666","mahopacmike","South Carolina, USA"
"667","RioSculptures","Columbus, OH"
"668","4029news","Rogers, Arkansas"
"669","KaneBeasty","Orlando, FL"
"670","farmgirlfood","Kingston Ontario Canada"
"671","MedicalLetter","New Rochelle, NY"
"672","dgambacorta","Philadelphia"
"673","paigeolivia323","Maine, USA"
"674","RJKeil","Shawnee, OK"
"675","Sonit_singh","Cincinnati - Ohio"
"676","brokenjules","California"
"677","HalBrock","Oklahoma City, OK"
"678","Gerardcanonico","New York/New Jersey"
"679","JasonSynaptic","Salt Lake City, UT"
"680","UHhospitals","Cleveland, Ohio"
"681","be4healthLLC","Maryland, USA"
"682","Nemmyy905","Canada"
"683","NotUrAvgSavage","Jamaica"
"684","EarperNorway","Norway"
"685","MikeStobbe","mstobbe@ap.org"
"686","deborah91473","St Louis"
"687","wokeupeeps","Jersey Shore"
"688","gonemadxo","California, USA"
"689","VerucaVerucaa","NYC"
"690","jeffgartner","Hudson Valley Region, NY"
"691","RubiArmorel","Winston-Salem, NC"
"692","kris_shacklette","Gainesville, VA"
"693","meetHowie17","Queens, NY"
"694","baerga20","Brooklyn, NY"
"695","TNMCanes","USA"
"696","HypeThaKid","Harlem USA"
"697","djt10","Eastern Washington"
"698","RoboOptimusPrme","Omaha, NE"
"699","1210_cm","Wichita, KS"
"700","soulwinner4JC","United States"
"701","EllePole22","Canada"
"702","cassandrajo88","United States"
"703","DestroyAllBeets","Lansing, Michigan"
"704","PattySlay_1","Stillwater, OK"
"705","justkimbieber","Florida, USA"
"706","igowhrudont","North Carolina"
"707","glittersassxo","New York, USA"
"708","Blaizey_Kat","Portland,ME"
"709","cathylanski","Buffalo"
"710","Moreor_Leslie","Oregon"
"711","Omalicha___","Earth."
"712","BeeLineSupport1","Chicago, IL"
"713","collins3779","Nashville, TN"
"714","madeye__","Pittsburgh, PA"
"715","dwest0059","Kentucky"
"716","RedFootBlueFoot","USA"
"717","DVGoldCoast","Norwalk, CT"
"718","DVBridgeport","Bridgeport, CT"
"719","DVFairfield_N","Wilton, CT"
"720","RealMiguelg2","Newark, NJ"
"721","kaysie_ann3","New Mexico, USA"
"722","brownhour311","St Louis, MO"
"723","SDDOH","Pierre, SD"
"724","kreest_uh","Philadelphia, PA"
"725","PrincetonPatch","Princeton, NJ"
"726","AngelsOpinion","US"
"727","MakaylatheAT","Rhode Island, USA"
"728","MarciLaMont","South Dakota, USA"
"729","esivs","Moorestown, NJ"
"730","SamSpicola","California, USA"
"731","J_Basden11","Upper Darby,Pa"
"732","adelmore","Northwest Arkansas"
"733","NateThomas89","Trinidad and Tobago"
"734","xoxleslyy","United States"
"735","pinkBentley","Manhattan, NY"
"736","TittyGraffitty","Boston, MA"
"737","CTHS_Today","Cherokee Trail HS - Aurora, CO"
"738","jaden_mikah","Madill, OK"
"739","queenjaynine","Pittsburgh, PA"
"740","reneebradshaw","Trinidad"
"741","PittsburghPG","Pittsburgh, Pa."
"742","emily517xo","Staten Island, NY"
"743","ravexragesbts","United States"
"744","chrisgdemos","Park Ridge, IL"
"745","twiiizone","ridgewood nj"
"746","Century21ELM","Park Ridge IL"
"747","jenabbasi","Chicago"
"748","tylercook4","Franklin, NC"
"749","bertieisme",""
"750","ellamacxoxo","California"
"751","BlueHenNat","California, Delaware"
"752","rach_emelia","Johnston, RI "
"753","bbnhins","Merrimack, NH"
"754","EvanandAllie","Oregon, USA"
"755","UwUwhatsdis","Missouri, USA"
"756","spfly20","Richmond, VA"
"757","VanguardDermNY","New York, NY"
"758","HealthyBoston","Boston"
"759","BCUHB","North Wales"
"760","DrGuibord","Perrysburg, OH"
"761","OpheliaSnake","Midwest"
"762","lelyxxv","California, USA"
"763","AcadiaInsurance","Westbrook, Maine"
"764","alexbj578","Laramie, WY"
"765","ArianneCPerry","New York, NY"
"766","BushwickDaily","Bushwick, Brooklyn, NY"
"767","RCAstudios","Nova Scotia, Canada"
"768","Miss_Seibert","Indiana, USA"
"769","Kenzie_Kaiser23","Colorado Springs, CO"
"770","aaron_rodgers17","Minnesota, USA"
"771","GreenButAlsoBlu","West Coast, USA"
"772","TheNerdyNobody","Massachusetts, USA"
"773","3rdrockhome","USA"
"774","rushcopley","Aurora, IL"
"775","TrustedKicks","United States"
"776","brendensparks","SillyCon Valley, CA"
"777","TessS1313","Cincinnati, OH"
"778","RobBecker_","Wisconsin"
"779","JonV88","New York, NY"
"780","rmundt","Gouverneur, NY"
"781","HolmesCoHealth","Millersburg, OH"
"782","kharyp","Waukesha, WI"
"783","cmat523","Fort Leonard Wood, MO"
"784","jasonmhare","Raleigh-Durham, NC"
"785","BarryRaychel","Tennessee, USA"
"786","parisiman_","Washington, DC"
"787","Queen_Ratchet_2","Corning, NY"
"788","mikewren","Albany, NY"
"789","miranda_julin","Canada"
"790","vanguardozarks","Arkansas, USA"
"791","AM800News","Windsor, Ontario"
"792","CDC_NCBDDD","Atlanta, GA"
"793","CoultersRx","1709 DundasSt London ON Canada"
"794","WALBNews10","Albany, GA"
"795","adpnoble","Toronto"
"796","HHS_HealthReg2","New York, NY"
"797","silvermoon9","Cary, NC, USA"
"798","gabvalentin","New Jersey"
"799","CaydenCox51","California, USA"
"800","cushiomt","Cincinnati, OH"
"801","smknblunts","<U+264F><U+FE0E> <U+2661> <U+2652><U+FE0E>"
"802","MOH_TT","Trinidad and Tobago"
"803","eksamhammer","Syracuse, NY"
"804","erinheartscoco","Boston, MA"
"805","MotherToBaby","North America"
"806","just_tbrazz","Tribeca"
"807","BlueHenPhoebe","Newark, DE"
"808","AuRaEstetit","Conway, Ar"
"809","Anxious440","New Jersey, USA"
"810","lbeneezer","Oklahoma City, OK"
"811","casscat3199","Portage, MI"
"812","Donttellyournew","Texas, USA"
"813","twistedmic24","United States"
"814","Burton_UC","Burton, MI"
"815","Rayne_Water","United States"
"816","Californiamike7","Staten Island, NY"
"817","viva__lala","United States"
"818","akronohiomoms","Akron, OH"
"819","CHURCHLADY320","California"
"820","YettereYT","New York, USA"
"821","FLU_2Cold","Columbus, OH"
"822","KreoleByrd","Gulf Coast of Mississippi<U+0001F3D6><U+0001F6F3>"
"823","drbohay","Warren, Michigan"
"824","terra_raedical","Cincinnati, OH"
"825","reflecti0nnn","Newmarket, Ontario"
"826","kellzorz","Texas"
"827","asaboveseabelow","Washington, DC"
"828","joanie109","Slidell, LA"
"829","emkazzy","New York, NY"
"830","mandyyymayyy","Baltimore, MD"
"831","Talk2Em_Pook","New Jersey, USA"
"832","CADunphy","Toronto, Ontario"
"833","evanderburg","Cleveland, OH"
"834","Only1QueenJay","Trinidad and Tobago"
"835","dhalperin","New York, NY"
"836","sambucolusa","USA"
"837","_kateelynn","North Carolina, USA"
"838","LondonMaxCampb1","Quincy, IL"
"839","SimmonsNews","Boston, MA"
"840","gerardgallagher","MEDIA, Pa."
"841","amanda_devik","United States"
"842","Sparkola24","Kansas City, Missouri USA"
"843","mamurf41","Florida, USA"
"844","purplebuckeye","Suburban St. Louis"
"845","p2pMark","Australia"
"846","WHAM1180","Rochester, NY"
"847","JVoluntaryist","Washington, USA"
"848","thecameronbeck","Albuquerque, NM"
"849","CadmiumTea","Connecticut"
"850","MartinsMaintain","Rhode Island, USA"
"851","eyecando","Maryland"
"852","terilyns68","Philadelphia, PA"
"853","lysaanicole","United States"
"854","CNA_Inc","Mission, KS"
"855","AmyWalkerCoach","Georgia"
"856","KGdaProducer","Chicago, IL"
"857","nessaxqveen_",""
"858","alejandraakare","texas"
"859","MyBestestThing","Earth"
"860","greystonegreys","New Mexico, USA"
"861","PensionBeat","Barrie, Ontario"
"862","gagan_l","Ontario, Canada"
"863","jameswdecapite","Livonia, MI"
"864","heirofnovels","Kansas, USA"
"865","lindawjohnson","Maryland"
"866","Stormee30","miami"
"867","daniellemancy",""
"868","e_tznlp",""
"869","KendraMarcusse","Dublin, OH"
"870","lf_collins","Atlanta, GA"
"871","jasblizzard","Alabama, USA"
"872","laaauuurrenn","Oxford, MS"
"873","HeartAintTaught","Killinois"
"874","kentuckyoksmall","Paducah, KY"
"875","ChristinNicole3","Verona, VA"
"876","medpagetoday","New York, NY"
"877","AudraMilos","United States"
"878","Teno1971",""
"879","ipacuhn","Toronto, Ontario"
"880","MoonShineMeeks1","Texas, USA"
"881","_steve3_","Highlands Ranch, CO"
"882","khunsinger_","Murfreesboro, TN"
"883","DelawareHealth","Delaware, Ohio"
"884","ZArtofWellness","California"
"885","Tamster49er","Illinois, USA"
"886","BrundinPatrik","Grand Rapids, MI, USA"
"887","mtmacki","Pontiac, IL"
"888","GertvanderHoek","Netherlands"
"889","benblais","Bedford, MA"
"890","BarbBrand2","Ontario, Canada"
"891","pizza__mama","Springfield, MA"
"892","KelseyTimmerman","Muncie, IN"
"893","ChaseProducts","USA"
"894","Jeff_LJ_Lloyd","NJ"
"895","MrGoNavy","Texas, USA"
"896","ashle94","st. louis, MO"
"897","MODAdvocacy","Arlington, VA"
"898","WTAE","Pittsburgh, Pennsylvania, USA"
"899","Aging_Research","Washington, DC"
"900","CoffeeChick70","Caton NY"
"901","wilxmane","Nashville, TN"
"902","vintagegoddess","Arkansas, USA"
"903","rudeevileva","Mountains, USA"
"904","tomthedog","New Detroit"
"905","Black_Scrouge","Australia"
"906","nymedcollege","Valhalla, NY"
"907","Farfrob","Manhattan, NY"
"908","DrBerryPierre","winner's circle"
"909","Bez","nyc"
"910","AliceMHarper","Louisiana, USA"
"911","umichmedicine","Ann Arbor"
"912","HippieDreadVape","New York, NY"
"913","GPZO","Boston, MA  USA"
"914","LitAsShit","Asbury Park, NJ"
